experiment,target,label_regime,rows,delta_abs_error,impact_delta,fail_to_pass8,pass_to_fail8,net_pass8
B1_plus_scada_wind_proxy,kpx_group_1,ficr_boundary_8_12pct,219,0.003266820442595166,0.7154336769283414,16,21,-5
B1_plus_scada_wind_proxy,kpx_group_1,high_50_80pct,1611,0.004808316339923679,7.746197623617046,187,163,24
B1_plus_scada_wind_proxy,kpx_group_1,mid_12_50pct,2319,0.007681520696911725,17.81344649613829,220,296,-76
B1_plus_scada_wind_proxy,kpx_group_1,very_high_80pct_plus,840,-0.00576392408228967,-4.841696229123323,103,53,50
B1_plus_scada_wind_proxy,kpx_group_2,ficr_boundary_8_12pct,224,-0.0034598727803489006,-0.7750115027981538,24,19,5
B1_plus_scada_wind_proxy,kpx_group_2,high_50_80pct,1584,0.011318913070524593,17.929158303710956,150,215,-65
B1_plus_scada_wind_proxy,kpx_group_2,mid_12_50pct,2215,0.005372344153920489,11.899742300933882,253,254,-1
B1_plus_scada_wind_proxy,kpx_group_2,very_high_80pct_plus,953,-0.011421891914404557,-10.885062994427543,103,54,49
B1_plus_scada_wind_proxy,kpx_group_3,ficr_boundary_8_12pct,212,-0.0033342728947455794,-0.7068658536860628,16,12,4
B1_plus_scada_wind_proxy,kpx_group_3,high_50_80pct,1353,0.01311773216683794,17.74829162173173,181,247,-66
B1_plus_scada_wind_proxy,kpx_group_3,mid_12_50pct,2289,0.009432627722846885,21.59128485759652,263,289,-26
B1_plus_scada_wind_proxy,kpx_group_3,very_high_80pct_plus,712,-0.008545363902204329,-6.084299098369482,38,12,26
B1_plus_soft_upstream,kpx_group_1,ficr_boundary_8_12pct,219,-0.0006978364351041903,-0.15282617928781767,7,12,-5
B1_plus_soft_upstream,kpx_group_1,high_50_80pct,1611,0.0022306270548809945,3.593540185413282,79,66,13
B1_plus_soft_upstream,kpx_group_1,mid_12_50pct,2319,0.00022255483134927788,0.5161046538989754,112,135,-23
B1_plus_soft_upstream,kpx_group_1,very_high_80pct_plus,840,-0.002257767491536349,-1.896524692890533,33,33,0
B1_plus_soft_upstream,kpx_group_2,ficr_boundary_8_12pct,224,-0.0009723905113845553,-0.2178154745501404,16,15,1
B1_plus_soft_upstream,kpx_group_2,high_50_80pct,1584,0.0016207806382053406,2.5673165309172594,72,77,-5
B1_plus_soft_upstream,kpx_group_2,mid_12_50pct,2215,0.00021610201062919034,0.4786659535436566,150,129,21
B1_plus_soft_upstream,kpx_group_2,very_high_80pct_plus,953,0.0015851760682727381,1.5106727930639194,37,40,-3
B1_plus_soft_upstream,kpx_group_3,ficr_boundary_8_12pct,212,-0.00028374625084917957,-0.060154205180026066,11,8,3
B1_plus_soft_upstream,kpx_group_3,high_50_80pct,1353,-0.0003717598721840824,-0.5029911070650634,62,73,-11
B1_plus_soft_upstream,kpx_group_3,mid_12_50pct,2289,0.0017377758021391656,3.97776881109655,135,163,-28
B1_plus_soft_upstream,kpx_group_3,very_high_80pct_plus,712,0.002671038420106846,1.9017793551160744,5,8,-3
B1_plus_proxy_power_curve,kpx_group_1,ficr_boundary_8_12pct,219,0.0019700066867510994,0.4314314643984908,19,19,0
B1_plus_proxy_power_curve,kpx_group_1,high_50_80pct,1611,0.004425382244471546,7.12929079584366,188,152,36
B1_plus_proxy_power_curve,kpx_group_1,mid_12_50pct,2319,0.00802397097992272,18.607588702440786,229,293,-64
B1_plus_proxy_power_curve,kpx_group_1,very_high_80pct_plus,840,-0.006533773601970924,-5.488369825655576,103,56,47
B1_plus_proxy_power_curve,kpx_group_2,ficr_boundary_8_12pct,224,-0.002466175032535486,-0.5524232072879489,24,20,4
B1_plus_proxy_power_curve,kpx_group_2,high_50_80pct,1584,0.011209012797551501,17.755076271321578,159,221,-62
B1_plus_proxy_power_curve,kpx_group_2,mid_12_50pct,2215,0.005018433426425864,11.11583003953329,246,259,-13
B1_plus_proxy_power_curve,kpx_group_2,very_high_80pct_plus,953,-0.010911715605719198,-10.398864972250395,98,69,29
B1_plus_proxy_power_curve,kpx_group_3,ficr_boundary_8_12pct,212,-0.002674380660867002,-0.5669687001038044,17,11,6
B1_plus_proxy_power_curve,kpx_group_3,high_50_80pct,1353,0.014428821540563345,19.522195544382207,176,242,-66
B1_plus_proxy_power_curve,kpx_group_3,mid_12_50pct,2289,0.009249666794384001,21.17248729234498,276,293,-17
B1_plus_proxy_power_curve,kpx_group_3,very_high_80pct_plus,712,-0.010561645307582433,-7.519891458998693,47,11,36
B1_plus_fundamental_all,kpx_group_1,ficr_boundary_8_12pct,219,0.00258250084527211,0.5655676851145921,21,25,-4
B1_plus_fundamental_all,kpx_group_1,high_50_80pct,1611,0.004904569508908553,7.901261478851678,186,164,22
B1_plus_fundamental_all,kpx_group_1,mid_12_50pct,2319,0.00795316124649838,18.44338093062974,227,305,-78
B1_plus_fundamental_all,kpx_group_1,very_high_80pct_plus,840,-0.007063598054562944,-5.9334223658328735,101,56,45
B1_plus_fundamental_all,kpx_group_2,ficr_boundary_8_12pct,224,-0.0032366769112401237,-0.7250156281177877,24,17,7
B1_plus_fundamental_all,kpx_group_2,high_50_80pct,1584,0.010824471213227441,17.145962401752268,145,211,-66
B1_plus_fundamental_all,kpx_group_2,mid_12_50pct,2215,0.00543700486905174,12.042965784949605,250,259,-9
B1_plus_fundamental_all,kpx_group_2,very_high_80pct_plus,953,-0.01130240947087089,-10.771196225739958,100,69,31
B1_plus_fundamental_all,kpx_group_3,ficr_boundary_8_12pct,212,-0.0018404762893605075,-0.3901809733444276,17,11,6
B1_plus_fundamental_all,kpx_group_3,high_50_80pct,1353,0.01245602618475227,16.85300342796982,179,228,-49
B1_plus_fundamental_all,kpx_group_3,mid_12_50pct,2289,0.008939146606050009,20.46170658124847,268,289,-21
B1_plus_fundamental_all,kpx_group_3,very_high_80pct_plus,712,-0.01632655255863373,-11.624505421747216,51,10,41
