model,target,actual_bin,abs_error,ficr_pass_rate,rows
catboost_mae,kpx_group_1,<10%,0.054815994767241506,0.0,3789
catboost_mae,kpx_group_1,10-30%,0.10497190074107515,0.48326898326898327,1554
catboost_mae,kpx_group_1,30-60%,0.1392998001279113,0.33692722371967654,1484
catboost_mae,kpx_group_1,60-80%,0.12139436616237166,0.42574257425742573,1111
catboost_mae,kpx_group_1,80%+,0.12400387563182284,0.42738095238095236,840
catboost_mae,kpx_group_2,<10%,0.04906045028910884,0.0,3802
catboost_mae,kpx_group_2,10-30%,0.12766007437466156,0.4637883008356546,1436
catboost_mae,kpx_group_2,30-60%,0.1550053375714718,0.2893296853625171,1462
catboost_mae,kpx_group_2,60-80%,0.12805044794113396,0.37866666666666665,1125
catboost_mae,kpx_group_2,80%+,0.08863848148862068,0.6180482686253935,953
catboost_mae,kpx_group_3,<10%,0.03950416411664596,0.0,4212
catboost_mae,kpx_group_3,10-30%,0.11188629404882257,0.46383543463835436,1507
catboost_mae,kpx_group_3,30-60%,0.1372503201396893,0.337707182320442,1448
catboost_mae,kpx_group_3,60-80%,0.13839178758148177,0.41935483870967744,899
catboost_mae,kpx_group_3,80%+,0.23269067228115656,0.0702247191011236,712
extra_trees,kpx_group_1,<10%,0.06786074783239077,0.0,3789
extra_trees,kpx_group_1,10-30%,0.09853609520265995,0.5186615186615187,1554
extra_trees,kpx_group_1,30-60%,0.12630959827496874,0.35983827493261455,1484
extra_trees,kpx_group_1,60-80%,0.11765391499369304,0.46264626462646263,1111
extra_trees,kpx_group_1,80%+,0.1514323933131935,0.275,840
extra_trees,kpx_group_2,<10%,0.06528197620806019,0.0,3802
extra_trees,kpx_group_2,10-30%,0.12090870408545232,0.5118384401114207,1436
extra_trees,kpx_group_2,30-60%,0.13123380975394844,0.3652530779753762,1462
extra_trees,kpx_group_2,60-80%,0.11669770908582114,0.45955555555555555,1125
extra_trees,kpx_group_2,80%+,0.11170717048397497,0.47848898216159497,953
extra_trees,kpx_group_3,<10%,0.05178225022492269,0.0,4212
extra_trees,kpx_group_3,10-30%,0.10793761555071482,0.49834107498341074,1507
extra_trees,kpx_group_3,30-60%,0.11982175480497062,0.3819060773480663,1448
extra_trees,kpx_group_3,60-80%,0.13750776441690943,0.3882091212458287,899
extra_trees,kpx_group_3,80%+,0.28542193342525646,0.016853932584269662,712
hist_gbdt_l2,kpx_group_1,<10%,0.06633997756772218,0.0,3789
hist_gbdt_l2,kpx_group_1,10-30%,0.10165869786294424,0.5115830115830116,1554
hist_gbdt_l2,kpx_group_1,30-60%,0.1315263034594628,0.3665768194070081,1484
hist_gbdt_l2,kpx_group_1,60-80%,0.12031662388596139,0.43474347434743477,1111
hist_gbdt_l2,kpx_group_1,80%+,0.1264404688829306,0.3952380952380952,840
hist_gbdt_l2,kpx_group_2,<10%,0.05956415513119177,0.0,3802
hist_gbdt_l2,kpx_group_2,10-30%,0.12606798050393542,0.4805013927576602,1436
hist_gbdt_l2,kpx_group_2,30-60%,0.13833987221627048,0.3426812585499316,1462
hist_gbdt_l2,kpx_group_2,60-80%,0.12117820234307257,0.42488888888888887,1125
hist_gbdt_l2,kpx_group_2,80%+,0.09756025054457083,0.5362014690451207,953
hist_gbdt_l2,kpx_group_3,<10%,0.05061296075179213,0.0,4212
hist_gbdt_l2,kpx_group_3,10-30%,0.11260303171875431,0.47113470471134705,1507
hist_gbdt_l2,kpx_group_3,30-60%,0.13983659634314147,0.3314917127071823,1448
hist_gbdt_l2,kpx_group_3,60-80%,0.13700686785970456,0.42157953281423804,899
hist_gbdt_l2,kpx_group_3,80%+,0.2697530041688412,0.04073033707865169,712
lgbm_huber,kpx_group_1,<10%,0.30170055148013664,0.0,3789
lgbm_huber,kpx_group_1,10-30%,0.135929283141302,0.21557271557271557,1554
lgbm_huber,kpx_group_1,30-60%,0.12624776305131438,0.36253369272237196,1484
lgbm_huber,kpx_group_1,60-80%,0.37347640759002515,0.0,1111
lgbm_huber,kpx_group_1,80%+,0.5706017669408506,0.0,840
lgbm_huber,kpx_group_2,<10%,0.3293101076041923,0.0,3802
lgbm_huber,kpx_group_2,10-30%,0.16585883844012564,0.10027855153203342,1436
lgbm_huber,kpx_group_2,30-60%,0.10384636494624518,0.46716826265389877,1462
lgbm_huber,kpx_group_2,60-80%,0.35624310516370844,0.0,1125
lgbm_huber,kpx_group_2,80%+,0.5285665935778747,0.0,953
lgbm_huber,kpx_group_3,<10%,0.2568500153578407,0.0,4212
lgbm_huber,kpx_group_3,10-30%,0.0909592812096484,0.4107498341074983,1507
lgbm_huber,kpx_group_3,30-60%,0.16940216419110624,0.20234806629834254,1448
lgbm_huber,kpx_group_3,60-80%,0.42546283114569805,0.0,899
lgbm_huber,kpx_group_3,80%+,0.6401264960272404,0.0,712
lgbm_l1_baseline,kpx_group_1,<10%,0.05564531741595428,0.0,3789
lgbm_l1_baseline,kpx_group_1,10-30%,0.10023790693481675,0.5135135135135135,1554
lgbm_l1_baseline,kpx_group_1,30-60%,0.1352983665595732,0.34568733153638814,1484
lgbm_l1_baseline,kpx_group_1,60-80%,0.11953885701632935,0.45004500450045004,1111
lgbm_l1_baseline,kpx_group_1,80%+,0.11742800346282413,0.4785714285714286,840
lgbm_l1_baseline,kpx_group_2,<10%,0.049980155380639116,0.0,3802
lgbm_l1_baseline,kpx_group_2,10-30%,0.12676877146525983,0.4623955431754875,1436
lgbm_l1_baseline,kpx_group_2,30-60%,0.14324977913770356,0.33652530779753764,1462
lgbm_l1_baseline,kpx_group_2,60-80%,0.1286407148084259,0.3893333333333333,1125
lgbm_l1_baseline,kpx_group_2,80%+,0.08788346865414746,0.6295907660020986,953
lgbm_l1_baseline,kpx_group_3,<10%,0.04053347178827814,0.0,4212
lgbm_l1_baseline,kpx_group_3,10-30%,0.10632917876110778,0.48838752488387527,1507
lgbm_l1_baseline,kpx_group_3,30-60%,0.1395054907082742,0.3328729281767956,1448
lgbm_l1_baseline,kpx_group_3,60-80%,0.13773851883250815,0.39933259176863184,899
lgbm_l1_baseline,kpx_group_3,80%+,0.24044182693714014,0.06320224719101124,712
lgbm_l2,kpx_group_1,<10%,0.06740758828530795,0.0,3789
lgbm_l2,kpx_group_1,10-30%,0.1033581611031137,0.5173745173745173,1554
lgbm_l2,kpx_group_1,30-60%,0.13144919201058214,0.3584905660377358,1484
lgbm_l2,kpx_group_1,60-80%,0.11917962502855622,0.4383438343834383,1111
lgbm_l2,kpx_group_1,80%+,0.12556419619925752,0.4142857142857143,840
lgbm_l2,kpx_group_2,<10%,0.05967936380351475,0.0,3802
lgbm_l2,kpx_group_2,10-30%,0.12696286472247936,0.4853760445682451,1436
lgbm_l2,kpx_group_2,30-60%,0.14021234675793018,0.34131326949384405,1462
lgbm_l2,kpx_group_2,60-80%,0.12100796433120149,0.4053333333333333,1125
lgbm_l2,kpx_group_2,80%+,0.09577847569051093,0.5445960125918153,953
lgbm_l2,kpx_group_3,<10%,0.050651340383869904,0.0,4212
lgbm_l2,kpx_group_3,10-30%,0.11230438199821423,0.47577969475779697,1507
lgbm_l2,kpx_group_3,30-60%,0.1384868632506632,0.3259668508287293,1448
lgbm_l2,kpx_group_3,60-80%,0.14141874790226822,0.3793103448275862,899
lgbm_l2,kpx_group_3,80%+,0.2737134946948889,0.033707865168539325,712
random_forest,kpx_group_1,<10%,0.06652840027563481,0.0,3789
random_forest,kpx_group_1,10-30%,0.10143222326770189,0.509009009009009,1554
random_forest,kpx_group_1,30-60%,0.12476317363397711,0.38544474393531,1484
random_forest,kpx_group_1,60-80%,0.12401412704256762,0.42484248424842486,1111
random_forest,kpx_group_1,80%+,0.1539039990019362,0.2845238095238095,840
random_forest,kpx_group_2,<10%,0.06520115022988902,0.0,3802
random_forest,kpx_group_2,10-30%,0.12279490080019372,0.4895543175487465,1436
random_forest,kpx_group_2,30-60%,0.1339389479691504,0.36183310533515733,1462
random_forest,kpx_group_2,60-80%,0.12028134145307308,0.41955555555555557,1125
random_forest,kpx_group_2,80%+,0.10640242400449777,0.5183630640083945,953
random_forest,kpx_group_3,<10%,0.05092550845529578,0.0,4212
random_forest,kpx_group_3,10-30%,0.11363877061761289,0.47179827471798275,1507
random_forest,kpx_group_3,30-60%,0.12271995584040539,0.38812154696132595,1448
random_forest,kpx_group_3,60-80%,0.14203301662127116,0.3503893214682981,899
random_forest,kpx_group_3,80%+,0.2837530427859073,0.018258426966292134,712
ridge,kpx_group_1,<10%,0.13197970281801422,0.0,3789
ridge,kpx_group_1,10-30%,0.11962247869283588,0.4202059202059202,1554
ridge,kpx_group_1,30-60%,0.1180875679884183,0.4056603773584906,1484
ridge,kpx_group_1,60-80%,0.13229500871183458,0.35913591359135916,1111
ridge,kpx_group_1,80%+,0.13833369361709336,0.3773809523809524,840
ridge,kpx_group_2,<10%,0.09247459261512506,0.0,3802
ridge,kpx_group_2,10-30%,0.12679122929065711,0.41086350974930363,1436
ridge,kpx_group_2,30-60%,0.13225201569228665,0.3734610123119015,1462
ridge,kpx_group_2,60-80%,0.14794633803321694,0.33511111111111114,1125
ridge,kpx_group_2,80%+,0.15056200853673937,0.32214060860440713,953
ridge,kpx_group_3,<10%,0.07430323864375162,0.0,4212
ridge,kpx_group_3,10-30%,0.11202077667340918,0.45189117451891175,1507
ridge,kpx_group_3,30-60%,0.11639671013138075,0.425414364640884,1448
ridge,kpx_group_3,60-80%,0.1702169039420007,0.2725250278086763,899
ridge,kpx_group_3,80%+,0.26297355630734054,0.0997191011235955,712
xgboost_l1,kpx_group_1,<10%,0.05539316350949204,0.0,3789
xgboost_l1,kpx_group_1,10-30%,0.09888141535534084,0.5135135135135135,1554
xgboost_l1,kpx_group_1,30-60%,0.13472457950940744,0.3557951482479784,1484
xgboost_l1,kpx_group_1,60-80%,0.1276797100415875,0.42574257425742573,1111
xgboost_l1,kpx_group_1,80%+,0.1253100574535521,0.4452380952380952,840
xgboost_l1,kpx_group_2,<10%,0.04969964201539532,0.0,3802
xgboost_l1,kpx_group_2,10-30%,0.12331850426659204,0.4923398328690808,1436
xgboost_l1,kpx_group_2,30-60%,0.14224992964589422,0.32968536251709984,1462
xgboost_l1,kpx_group_2,60-80%,0.1291916655592181,0.40444444444444444,1125
xgboost_l1,kpx_group_2,80%+,0.09425363712614403,0.5876180482686254,953
xgboost_l1,kpx_group_3,<10%,0.03949834785503885,0.0,4212
xgboost_l1,kpx_group_3,10-30%,0.10361541803351866,0.49635036496350365,1507
xgboost_l1,kpx_group_3,30-60%,0.13951395095199726,0.3314917127071823,1448
xgboost_l1,kpx_group_3,60-80%,0.14064386236254567,0.4082313681868743,899
xgboost_l1,kpx_group_3,80%+,0.24491856788988092,0.06460674157303371,712
