model_id,model_family,raw_score,raw_1_nmae,raw_ficr,best_alpha,alpha_score,alpha_1_nmae,alpha_ficr,avg_nmae,delta_vs_baseline,worst_month_score,high_generation_score,group_1_score,group_2_score,group_3_score,train_seconds,predict_seconds,status,notes,months_better_than_lgbm,groups_better_than_lgbm
autogluon_tabular,AutoGluon Tabular,0.5964422138497883,0.8671411496559769,0.32574327804359987,1.03,0.606223314806999,0.8685112103810608,0.3439354192329371,0.1314887896189392,-0.014502660093001052,0.5825786358544627,0.5903225241362373,0.6081190900894006,0.6494320018165605,0.5611188525150358,185.8085193000152,0.8304543000413105,ok,"AutoGluon first-pass; time_limit_per_target=60; leaders={'kpx_group_1': 'WeightedEnsemble_L2', 'kpx_group_2': 'WeightedEnsemble_L2', 'kpx_group_3': 'WeightedEnsemble_L2'}",2.0,0.0
catboost_quantile_055,CatBoost,0.6188512296904316,0.8706411815873153,0.36706127779354786,1.025,0.622655108214881,0.8703161948782733,0.3749940215514888,0.1296838051217267,0.001929133314880982,0.5932831179721162,0.6292680247808355,0.6423261945785509,0.6514561242472232,0.574183005818869,,,ok,CatBoost Quantile q=0.55 first-pass; loaded cached prediction,6.0,1.0
catboost_rmse,CatBoost,0.6036526000115007,0.8698776502770842,0.3374275497459171,1.03,0.6132986461104365,0.8713058319379672,0.3552914602829058,0.1286941680620328,-0.0074273287895635365,0.5795106295766748,0.6038208233078873,0.6309270093604947,0.6448254762747406,0.5641434526960742,,,ok,CatBoost RMSE first-pass diversity; loaded cached prediction,5.0,1.0
elastic_net,linear,0.5775473547567074,0.858104965776228,0.2969897437371869,1.03,0.5842390063750398,0.8601221589514882,0.30835585379859126,0.13987784104851178,-0.03648696852496025,0.5523059643448531,0.5566925975040982,0.6139990197355627,0.5790737724861603,0.5596442269033961,,,ok,previously deferred; first-pass linear sparse baseline; loaded cached prediction,0.0,0.0
explainable_boosting,ExplainableBoostingMachine,0.5929069659443688,0.8636362925521299,0.32217763933660754,1.03,0.5997640239316746,0.8644006059422409,0.33512744192110827,0.1355993940577591,-0.020961950968325427,0.5812289140671052,0.5855299982890485,0.6233921481268792,0.6264281148346426,0.5494718088335021,136.98395259998506,0.1700907999766059,ok,EBM first-pass sampled,2.0,0.0
extra_trees_wide,sklearn ExtraTrees,0.5936166128940831,0.868614930241205,0.31861829554696114,1.03,0.6088335618340395,0.8712614260646374,0.34640569760344153,0.12873857393536256,-0.011892413065960561,0.5664201178951153,0.592181819879221,0.6171632968291291,0.6473479457879194,0.5619894428850699,,,ok,bagging diversity; wider than #4 first run; loaded cached prediction,2.0,0.0
flaml_automl,FLAML AutoML,0.5860972680484775,0.8567349254592095,0.31545961063774547,1.03,0.5939642178502578,0.8575007580139482,0.3304276776865672,0.1424992419860518,-0.026761757049742263,0.5696775965895868,0.5835648368012838,0.6202866693152214,0.6178002733818728,0.5438057108536789,,,ok,loaded cached prediction,1.0,0.0
gradient_boosting_quantile,sklearn GradientBoosting,0.6029589498576766,0.8688864059533535,0.3370314937619996,1.03,0.612810912750066,0.8695676164566335,0.35605420904349855,0.13043238354336656,-0.007915062149933982,0.5856902693860848,0.6111202667981193,0.6165560471045096,0.6369910872286189,0.5848856039170696,,,ok,quantile boosting q=0.55 for underprediction-bias diversity; loaded cached prediction,3.0,1.0
h2o_automl,H2O AutoML,0.6037014174693449,0.8672749524896973,0.34012788244899245,1.03,0.6110201755172882,0.868182018211591,0.3538583328229854,0.13181798178840898,-0.009705799382711877,0.5856291632936483,0.6049826096787786,0.6327794392075596,0.6395236922699203,0.5607573950743846,,,ok,loaded cached prediction,2.0,0.0
hist_gbdt_absolute,sklearn HistGradientBoosting,0.6106209930450941,0.869713944934848,0.35152804115534014,1.03,0.6187155761476404,0.8708187155664312,0.36661243672884963,0.1291812844335688,-0.0020103987523596434,0.5987855488129422,0.6121314201258928,0.6386173096984984,0.6518898970775797,0.5656395216668431,,,ok,sklearn boosting absolute-error variant; loaded cached prediction,4.0,1.0
huber_regressor,linear,0.5836765455669186,0.8603354439486044,0.3070176471852328,1.03,0.590969507319831,0.8617855443131704,0.3201534703264916,0.13821445568682952,-0.029756467580169033,0.56556211661536,0.5670533020213985,0.6171073425958209,0.5854220343092238,0.5703791450544484,,,ok,previously deferred; robust linear baseline; loaded cached prediction,0.0,1.0
knn_distance,neighbors,0.5209899307288152,0.8276003087154912,0.21437955274213907,1.03,0.5325314039706474,0.83183024787612,0.2332325600651746,0.16816975212387994,-0.08819457092935268,0.45621819217231885,0.4834637757829084,0.5419983533925818,0.5438048851373631,0.5117909733819971,,,ok,distance-weighted KNN with robust scaling; loaded cached prediction,0.0,0.0
lgbm_l1_baseline,LightGBM,0.6117673564727266,0.8700286771288893,0.3535060358165638,1.03,0.6213552467009833,0.8712021483970117,0.37150834500495483,0.12879785160298826,0.0006292718009832665,0.6026838369238885,0.6159288142378625,0.6455045729023654,0.6553938738628603,0.5631672933377241,,,ok,current B1/W4 baseline model; included as anchor; loaded cached prediction,0.0,0.0
linear_svr,svm,0.34508119450403046,0.6649521919636359,0.025210197044425068,1.03,0.34838397452573544,0.6696980011583691,0.027069947893101843,0.33030199884163086,-0.2723420003742646,0.3062745097503574,0.25694478425566436,0.3502666220766388,0.3420067680865418,0.352878533414026,,,ok,linear SVR sampled first-pass; loaded cached prediction,0.0,0.0
mlp_regressor,neural_sklearn,0.4791139954405047,0.7872696946861215,0.17095829619488792,1.03,0.4858949857119397,0.7908462958323137,0.18094367559156563,0.20915370416768628,-0.13483098918806036,0.4292642333063522,0.4391136098527363,0.5013174489673652,0.4814483253909386,0.4749191827775152,,,ok,sklearn MLP first-pass tabular neural baseline; loaded cached prediction,0.0,0.0
ngboost_normal,NGBoost,0.591864093603968,0.8645858976681665,0.3191422895397694,1.03,0.6018922584679015,0.8664986408775689,0.33728587605823407,0.13350135912243113,-0.018833716432098524,0.551371620935052,0.5934726233127503,0.6075597837830833,0.6363450495745328,0.5617719420460885,202.572411799978,11.18998169992119,ok,NGBoost Normal distribution first-pass sampled,0.0,0.0
nystroem_ridge,kernel,0.45163815737780766,0.7722085916674645,0.13106772308815082,1.03,0.4557875610257681,0.7762084274698945,0.13536669458164172,0.22379157253010548,-0.16493841387423192,0.3790492299108055,0.327942217083625,0.45886410200260175,0.4527572852718872,0.45574129580281547,,,ok,kernel approximation + ridge; nonlinear low-rank diversity; loaded cached prediction,1.0,0.0
pycaret_compare,PyCaret,0.5933829764875689,0.8665602313644662,0.3202057216106715,1.03,0.6044577467080249,0.8689485406971862,0.33996695271886357,0.13105145930281387,-0.016268228191975154,0.5750696493281636,0.5863891510078615,0.607252008570747,0.6468333599315134,0.5592878716218141,445.2316852000658,2.304634600004647,ok,"PyCaret compare_models first-pass; budget_time_minutes=0.5; leaders={'kpx_group_1': 'RandomForestRegressor(n_jobs=-1, random_state=42)', 'kpx_group_2': 'RandomForestRegressor(n_jobs=-1, random_state=42)', 'kpx_group_3': 'ExtraTreesRegressor(n_jobs=-1, random_state=42)'}",2.0,0.0
radius_neighbors,neighbors,0.2513066760322382,0.5022012135063265,0.00041213855814994075,0.97,0.251369404553819,0.5022062251906472,0.0005325839169908726,0.4977937748093528,-0.369356570346181,0.18684177767839621,0.13003960479136722,0.25166995051604446,0.24414265231727586,0.25829561082813685,0.4655876999604516,2.6380686999764293,ok,radius neighbor feasibility with fallback outlier label,0.0,0.0
random_forest_wide,sklearn RandomForest,0.591935974767644,0.8661133599608173,0.31775858957447084,1.03,0.6054992356602994,0.8683705365750727,0.34262793474552605,0.13162946342492735,-0.015226739239700637,0.5796139363679503,0.587739210238396,0.6154827240732745,0.6460503292190938,0.5549646536885298,,,ok,bagging diversity; wider than #4 first run; loaded cached prediction,2.0,0.0
sgd_huber,linear,0.26848881812546965,0.5362042683976374,0.0007733678533019946,1.03,0.2690390356258943,0.5372430977221108,0.0008349735296778951,0.4627569022778893,-0.3516869392741057,0.21242263827541163,0.15580712422429016,0.27151184721466975,0.2643133951912092,0.27129186447180387,,,ok,fast robust linear SGD surrogate; loaded cached prediction,0.0,0.0
svr_rbf_sampled,svm,0.3966927948446806,0.7044716621796117,0.08891392750974954,1.03,0.39961761039477783,0.7088866116577155,0.09034860913184012,0.29111338834228445,-0.2211083645052222,0.3163800455596969,0.25429320784523435,0.4144995887040585,0.40015446746586464,0.3841987750144104,,,ok,sampled RBF SVR feasibility; loaded cached prediction,0.0,0.0
tabm_torch,TabM,0.5510068804420305,0.8403880286562446,0.2616257322278163,1.03,0.5590147678807029,0.8432723867244082,0.2747571490369977,0.15672761327559184,-0.06171120701929711,0.5067537381654876,0.5286581949564273,0.5697981600471336,0.5725012698296349,0.5347448737653404,38.43410130002303,4.513060700031929,ok,TabM torch wrapper first-pass; epochs=8; sampled rows,0.0,0.0
xgboost_pseudohuber,XGBoost,0.2509700742818922,0.5019401485637844,0.0,1.03,0.2509755271466211,0.5019510542932422,0.0,0.4980489457067579,-0.36975044775337895,0.18656509492088874,0.1296886622595606,0.2515640500174728,0.24355917617854367,0.2578033552438467,,,ok,XGBoost pseudo-Huber objective first-pass; loaded cached prediction,0.0,0.0
xgboost_squarederror,XGBoost,0.6031653922748563,0.8681771947052264,0.33815358984448624,1.03,0.6121855429888399,0.869559812142211,0.3548112738354688,0.13044018785778902,-0.008540431911160162,0.5847444540379431,0.6016344787073599,0.631688596602262,0.6475089420030207,0.5573590903612371,,,ok,XGBoost squared-error diversity baseline; loaded cached prediction,3.0,0.0
tabpfn_regressor,TabPFN,,,,,,,,,,,,,,,,,failed,TabPFN requires one-time Prior Labs license/API-key authentication before local weight download; non-interactive run failed with OSError WinError 10038,,
