feature,source,stat,train_missing_rate,valid_missing_rate,test_missing_rate,train_unique,valid_unique,test_unique,near_constant,train_mean,valid_mean,test_mean,train_std,valid_std,test_std
ldaps_latitude_mean,ldaps,mean,0.0,0.0,0.0,1,1,1,True,37.28193125,37.28193125,37.28193125,0.0,0.0,0.0
ldaps_latitude_min,ldaps,min,0.0,0.0,0.0,1,1,1,True,37.260699999999986,37.26069999999999,37.260699999999986,1.4211260316638166e-14,7.105831844969764e-15,1.4211665999118697e-14
ldaps_latitude_max,ldaps,max,0.0,0.0,0.0,1,1,1,True,37.30319999999999,37.3032,37.30319999999999,7.105630158319083e-15,0.0,7.105832999559349e-15
ldaps_latitude_std,ldaps,std,0.0,0.0,0.0,1,1,1,True,0.014302807125406828,0.014302807125406828,0.014302807125406828,3.46954597574174e-18,3.4696444555516426e-18,3.469645019316088e-18
ldaps_longitude_mean,ldaps,mean,0.0,0.0,0.0,1,1,1,True,128.96071875000004,128.96071875000004,128.96071875000004,2.842252063327633e-14,2.8423327379879056e-14,2.8423331998237394e-14
ldaps_longitude_min,ldaps,min,0.0,0.0,0.0,1,1,1,True,128.9257,128.92569999999998,128.9257,0.0,2.8423327379879056e-14,0.0
ldaps_longitude_max,ldaps,max,0.0,0.0,0.0,1,1,1,True,128.99580000000003,128.9958,128.99580000000003,2.842252063327633e-14,0.0,2.8423331998237394e-14
ldaps_longitude_std,ldaps,std,0.0,0.0,0.0,1,1,1,True,0.02197180674561751,0.02197180674561751,0.021971806745617505,0.0,0.0,3.469645019316088e-18
ldaps_heightAboveGround_10_10u_mean,ldaps,mean,0.0,0.0,0.0,17518,8784,8759,False,2.9629208876679463,2.29201028945678,3.2736529524391376,4.123120483451412,4.426492664482929,4.192704140757125
ldaps_heightAboveGround_10_10u_min,ldaps,min,0.0,0.0,0.0,17510,8783,8758,False,1.4378602177535897,0.8484240202477346,1.7843071627328233,3.9230909251196717,4.215885709273266,4.055397384893291
ldaps_heightAboveGround_10_10u_max,ldaps,max,0.0,0.0,0.0,17505,8783,8758,False,4.139594111950494,3.4384010960652365,4.437523536817171,4.292033880312851,4.568106467400247,4.327245013252834
ldaps_heightAboveGround_10_10u_std,ldaps,std,0.0,0.0,0.0,17519,8784,8759,False,0.8283133333755631,0.8011495924686468,0.8136440301766354,0.44420666419175386,0.424953218307756,0.4420511289056411
ldaps_heightAboveGround_10_10v_mean,ldaps,mean,0.0,0.0,0.0,17519,8784,8759,False,0.48223357140609474,0.3118980440232439,0.49504474611222476,1.8056433827533651,1.940916118801108,1.758312045150028
ldaps_heightAboveGround_10_10v_min,ldaps,min,0.0,0.0,0.0,17482,8780,8754,False,-0.41631712793815345,-0.5396806995117975,-0.3751233236932627,1.7802869958195529,1.8750388893053471,1.7275925890799266
ldaps_heightAboveGround_10_10v_max,ldaps,max,0.0,0.0,0.0,17499,8775,8756,False,1.4283765183131132,1.2140781324392647,1.4182049335691196,1.8691278623261731,2.0277014267590476,1.837241212822129
ldaps_heightAboveGround_10_10v_std,ldaps,std,0.0,0.0,0.0,17519,8784,8759,False,0.5448307435650657,0.5162635267552421,0.5300003203133313,0.23847902470747961,0.22491964537769366,0.23658199408716102
ldaps_heightAboveGround_50_50MUmax_mean,ldaps,mean,0.0,0.0,0.00034250485215207214,17518,8784,8756,False,5.038715710026899,4.013036951346541,5.533504286686431,6.239869684590972,6.725311836890555,6.371235594170674
ldaps_heightAboveGround_50_50MUmax_min,ldaps,min,0.0,0.0,0.00034250485215207214,17511,8780,8756,False,2.8790908755813605,1.9865019326,3.388642775582606,5.768356660130779,6.243468054740885,5.989961626204217
ldaps_heightAboveGround_50_50MUmax_max,ldaps,max,0.0,0.0,0.00034250485215207214,17515,8783,8754,False,6.761160934124183,5.671055155329599,7.2543094125876655,6.638203801481578,7.07458468765939,6.6924828910733165
ldaps_heightAboveGround_50_50MUmax_std,ldaps,std,0.0,0.0,0.00034250485215207214,17519,8784,8756,False,1.2053298199673392,1.1495194708596612,1.1995550502179586,0.7049051867515591,0.6598369748859598,0.6834650937545267
ldaps_heightAboveGround_50_50MUmin_mean,ldaps,mean,0.0,0.0,0.00034250485215207214,17519,8784,8756,False,3.9399892791006934,2.9376388761573837,4.441908011729255,6.2573385095970595,6.682513632026431,6.393858222988053
ldaps_heightAboveGround_50_50MUmin_min,ldaps,min,0.0,0.0,0.00034250485215207214,17515,8782,8756,False,1.7696908208156328,0.9135914407125911,2.2885483449311788,5.757889067547854,6.178528560217503,5.983703180753178
ldaps_heightAboveGround_50_50MUmin_max,ldaps,max,0.0,0.0,0.00034250485215207214,17509,8784,8755,False,5.629828801155584,4.557010665754148,6.130629318733668,6.656084339281807,7.035173963652688,6.725443746369013
ldaps_heightAboveGround_50_50MUmin_std,ldaps,std,0.0,0.0,0.00034250485215207214,17519,8784,8756,False,1.199044641631647,1.1369185867573008,1.1925166422013307,0.7056688735120785,0.6633248767007038,0.6888756978616533
ldaps_heightAboveGround_50_50MVmax_mean,ldaps,mean,0.0,0.0,0.00034250485215207214,17519,8783,8756,False,1.2371778514934442,0.9615169374204229,1.2800967941472376,2.9093771121258225,3.086629363246609,2.8135481379529805
ldaps_heightAboveGround_50_50MVmax_min,ldaps,min,0.0,0.0,0.00034250485215207214,17502,8779,8753,False,0.1501766237153325,-0.06860397199983038,0.2030827059536615,2.881470682892758,3.005360815751261,2.7728191613941826
ldaps_heightAboveGround_50_50MVmax_max,ldaps,max,0.0,0.0,0.00034250485215207214,17504,8780,8749,False,2.343218779930346,2.0245325368302938,2.3765839060440155,2.9703560001665936,3.170100716741109,2.89032519596927
ldaps_heightAboveGround_50_50MVmax_std,ldaps,std,0.0,0.0,0.00034250485215207214,17519,8784,8756,False,0.6517137711855671,0.6183902145213216,0.6444395458949953,0.2995326667902661,0.2808295711390764,0.29159843653327616
ldaps_heightAboveGround_50_50MVmin_mean,ldaps,mean,0.0,0.0,0.00034250485215207214,17519,8784,8756,False,0.24537494815567645,-0.02126720746268541,0.2887046376438393,2.7999596705139242,3.0093067503534883,2.7321451695950136
ldaps_heightAboveGround_50_50MVmin_min,ldaps,min,0.0,0.0,0.00034250485215207214,17495,8781,8750,False,-0.8538092248674192,-1.0600332592343626,-0.7997743719945455,2.7619685644766516,2.921435726291779,2.674204483004401
ldaps_heightAboveGround_50_50MVmin_max,ldaps,max,0.0,0.0,0.00034250485215207214,17503,8782,8755,False,1.3366044641887296,1.0278812129142112,1.3695692715328587,2.8738596286893667,3.1068103030550436,2.8305411369824443
ldaps_heightAboveGround_50_50MVmin_std,ldaps,std,0.0,0.0,0.00034250485215207214,17519,8784,8756,False,0.6525242535982448,0.6196414220107042,0.6456063282221934,0.30052043348918195,0.2865079688843956,0.29653457836233427
ldaps_heightAboveGround_5_XBLWS_mean,ldaps,mean,0.0,0.0,0.0,17511,8782,8758,False,0.026534393909359414,0.02164140906921006,0.02802926459908694,0.07847702604928249,0.08404761098198857,0.087026618741076
ldaps_heightAboveGround_5_XBLWS_min,ldaps,min,0.0,0.0,0.0,17324,8750,8720,False,0.02359624168368987,0.018603800468146223,0.025135071431715023,0.0772114131226853,0.08246774630225226,0.08591536678290734
ldaps_heightAboveGround_5_XBLWS_max,ldaps,max,0.0,0.0,0.0,17309,8741,8727,False,0.02942818674279606,0.02465109968661817,0.03090984805729394,0.07978044746682712,0.08561418620495251,0.0881153633516496
ldaps_heightAboveGround_5_XBLWS_std,ldaps,std,0.0,0.0,0.0,17185,8665,8601,False,0.0018477363083986053,0.0019127136142512767,0.0018253096523379107,0.0028523577554711846,0.002892611226499439,0.0025007007404823133
ldaps_heightAboveGround_5_YBLWS_mean,ldaps,mean,0.0,0.0,0.00011416828405069072,17519,8784,8758,False,0.06618158455760235,0.04850969297322321,0.06631202979378904,0.29485370783453685,0.30108338234946264,0.27065676602728916
ldaps_heightAboveGround_5_YBLWS_min,ldaps,min,0.0,0.0,0.00011416828405069072,17493,8780,8751,False,-0.04785517051711801,-0.05772036445551377,-0.050597573202727675,0.2739130331601326,0.26706778492800815,0.24727811859671037
ldaps_heightAboveGround_5_YBLWS_max,ldaps,max,0.0,0.0,0.00011416828405069072,17492,8778,8754,False,0.17619577153229946,0.1529434763747344,0.1788046680409539,0.32683409496490945,0.34214819130863205,0.30623902813277304
ldaps_heightAboveGround_5_YBLWS_std,ldaps,std,0.0,0.0,0.00011416828405069072,17519,8784,8758,False,0.06797192973301833,0.06390572623455909,0.06963562789203123,0.05350315141756777,0.05414884855101066,0.05183243848121954
ldaps_heightAboveGround_2_t_mean,ldaps,mean,0.0,0.0,0.00011416828405069072,17504,8781,8755,False,280.93941717834923,281.62952516571323,281.1615993032085,10.632091194146662,10.589073509510778,11.105004501402721
ldaps_heightAboveGround_2_t_min,ldaps,min,0.0,0.0,0.00011416828405069072,17177,8652,8626,False,280.15226947086023,280.85566358948086,280.4090304635762,10.73761331238277,10.679318192500919,11.159232956503002
ldaps_heightAboveGround_2_t_max,ldaps,max,0.0,0.0,0.00011416828405069072,17115,8650,8603,False,281.9073690690108,282.5570535974499,282.094083270153,10.554636815961317,10.53897443335413,11.062217417007028
ldaps_heightAboveGround_2_t_std,ldaps,std,0.0,0.0,0.00011416828405069072,17518,8784,8756,False,0.5446539165295077,0.5234549223317633,0.5254492029687782,0.2751517131508621,0.27855133984131214,0.24723777278442677
ldaps_heightAboveGround_2_dpt_mean,ldaps,mean,0.0,0.0,0.00011416828405069072,17502,8780,8757,False,275.66753291840286,277.7641213649818,276.39862788036646,12.281559428241943,11.25904959337642,12.507468187709666
ldaps_heightAboveGround_2_dpt_min,ldaps,min,0.0,0.0,0.00011416828405069072,17394,8757,8726,False,275.1200259335579,277.22392467896174,275.89086428408314,12.436579435068834,11.44524553397916,12.623890535999854
ldaps_heightAboveGround_2_dpt_max,ldaps,max,0.0,0.0,0.00011416828405069072,17383,8748,8731,False,276.41635814030485,278.43087855760473,277.07132492349854,12.084940257980676,11.11304777383415,12.378942170361848
ldaps_heightAboveGround_2_dpt_std,ldaps,std,0.0,0.0,0.00011416828405069072,17519,8784,8758,False,0.392754266379235,0.3650003173728973,0.3568245947777475,0.3602088782149699,0.30214664741035613,0.30996814066614176
ldaps_heightAboveGround_2_r_mean,ldaps,mean,0.0,0.0,0.00011416828405069072,17519,8783,8758,False,73.30474473178228,79.78807838114754,75.49361551905402,21.066472958962827,17.92499015412891,20.019520466295393
ldaps_heightAboveGround_2_r_min,ldaps,min,0.0,0.0,0.00011416828405069072,17499,8776,8756,False,67.82143811481819,74.41549555783243,70.17362065254625,21.473340980578666,18.77397442812959,20.535793422176727
ldaps_heightAboveGround_2_r_max,ldaps,max,0.0,0.0,0.00011416828405069072,17227,8592,8624,False,78.4640791660483,84.37128834642532,80.25934304921215,20.22913263853908,16.816804892644495,19.226739024557812
ldaps_heightAboveGround_2_r_std,ldaps,std,0.0,0.0,0.00011416828405069072,17515,8775,8758,False,3.297303085568509,3.057859642836034,3.129155402099444,2.4362390514266967,2.177824724430675,2.2500693641856224
ldaps_heightAboveGround_2_q_mean,ldaps,mean,0.0,0.0,0.00011416828405069072,15836,8231,7916,False,0.00678497099614258,0.007484964472104253,0.007159813636558362,0.004960374443453715,0.005066040300019816,0.005123634118828924
ldaps_heightAboveGround_2_q_min,ldaps,min,0.0,0.0,0.00011416828405069072,9891,5590,5331,False,0.006587177170871055,0.00727604758831398,0.006959278802338433,0.004895502766500381,0.005005858119273002,0.005042245264407081
ldaps_heightAboveGround_2_q_max,ldaps,max,0.0,0.0,0.00011416828405069072,10358,5748,5523,False,0.007032076301536618,0.007734009630543033,0.0074030852684642615,0.005043881784488645,0.005150476498582177,0.005225775223950333
ldaps_heightAboveGround_2_q_std,ldaps,std,0.0,0.0,0.00011416828405069072,15174,7949,7592,False,0.00013933570402398509,0.00014341077268099214,0.00013944623941420717,0.00013432603703954788,0.00013336348520687756,0.00014239917122191797
ldaps_surface_0_sp_mean,ldaps,mean,0.0,0.0,0.00034250485215207214,17427,8754,8735,False,90662.0315191649,90696.36141771972,90614.37019183989,522.12755569878,525.8172475699698,570.7990551079557
ldaps_surface_0_sp_min,ldaps,min,0.0,0.0,0.00034250485215207214,16856,8628,8616,False,90026.71376950739,90062.88163558743,89979.73240417999,515.2182770529029,520.5503699074493,567.253571421352
ldaps_surface_0_sp_max,ldaps,max,0.0,0.0,0.00034250485215207214,16890,8644,8588,False,91478.19444762828,91512.74576354735,91429.15314424394,535.4507551886845,540.0279268283889,581.4540204618509
ldaps_surface_0_sp_std,ldaps,std,0.0,0.0,0.00034250485215207214,17519,8784,8756,False,489.67266655668016,489.2489084511648,488.94397028568545,18.97359934165813,19.567593240988316,19.953831553444076
ldaps_meanSea_0_prmsl_mean,ldaps,mean,0.0,0.0,0.00034250485215207214,17514,8782,8756,False,101454.55830382013,101453.64968209244,101398.77988886193,767.115906974824,747.7591296202174,783.1119992264058
ldaps_meanSea_0_prmsl_min,ldaps,min,0.0,0.0,0.00034250485215207214,17057,8670,8651,False,101432.2710820823,101431.32340972223,101376.05447875743,767.9423479776221,747.6770897407653,783.158131483712
ldaps_meanSea_0_prmsl_max,ldaps,max,0.0,0.0,0.00034250485215207214,17110,8659,8646,False,101474.47280432674,101473.37514275957,101419.09183154408,766.4427877040062,747.8944983888302,782.7851993859388
ldaps_meanSea_0_prmsl_std,ldaps,std,0.0,0.0,0.00034250485215207214,17519,8784,8756,False,13.242887017103072,13.212171126226528,13.515416737084418,9.714767406570807,9.73053379376519,9.801262279445229
ldaps_etc_0_blh_mean,ldaps,mean,0.0,0.0,0.00034250485215207214,17394,8763,8733,False,341.8121154168296,337.09401682518643,357.76165116575777,291.3784816967141,251.01745062385203,284.82390205169924
ldaps_etc_0_blh_min,ldaps,min,0.0,0.0,0.00034250485215207214,16661,8580,8532,False,254.86993506227523,242.06638164685788,263.0401067503426,244.65703749903244,199.10545805263857,237.8234612663167
ldaps_etc_0_blh_max,ldaps,max,0.0,0.0,0.00034250485215207214,16007,8330,8269,False,451.73847097128834,455.42606743806925,478.05068599680214,375.2281303844244,346.4626233978209,371.4573530805413
ldaps_etc_0_blh_std,ldaps,std,0.0,0.0,0.00034250485215207214,16785,8567,8563,False,59.7406312553675,64.880930133958,65.44764122431604,69.10821761855182,73.19068407007617,72.54385226787363
ldaps_surface_0_NDNSW_mean,ldaps,mean,0.0,0.0,0.0,9449,4735,4726,False,156.938694800983,141.55928755328299,156.68265480545145,234.8757303990752,219.72645542847133,234.02847730010197
ldaps_surface_0_NDNSW_min,ldaps,min,0.0,0.0,0.0,9348,4701,4689,False,139.08662859344196,123.93389838925927,138.4742717263215,218.10412387070548,203.28467382962458,216.57063905373934
ldaps_surface_0_NDNSW_max,ldaps,max,0.0,0.0,0.0,9375,4710,4704,False,175.40646997487062,160.83313588073446,174.85879025512037,252.13306756547547,237.650134340092,250.9889313631279
ldaps_surface_0_NDNSW_std,ldaps,std,0.0,0.0,0.0,9448,4734,4724,False,11.488521593475156,11.602192154248835,11.470690099544418,20.14740922079759,20.194776814035688,20.16632502594432
ldaps_surface_0_NDNLW_mean,ldaps,mean,0.0,0.0,0.0,17518,8784,8759,False,-68.22475723809701,-59.7052752064185,-66.33286816350068,40.23429843056644,39.192900831909604,39.478177986822836
ldaps_surface_0_NDNLW_min,ldaps,min,0.0,0.0,0.0,17507,8779,8757,False,-76.39577284432578,-68.85227698330677,-74.89025800176505,38.735598242519885,37.981749699723274,37.95735811079059
ldaps_surface_0_NDNLW_max,ldaps,max,0.0,0.0,0.0,17508,8777,8757,False,-60.33986399841566,-51.426037489339876,-58.124710583995416,41.42611295069401,39.883242450196526,40.770614826741934
ldaps_surface_0_NDNLW_std,ldaps,std,0.0,0.0,0.0,17519,8784,8759,False,5.136706729110584,5.579260706456143,5.385864000989207,5.447835836167372,5.686228994126288,5.781902351100511
ldaps_heightAboveGround_2_SWDIR_mean,ldaps,mean,0.0,0.0,0.0,8754,4348,4411,False,124.38775587063697,111.74192937584036,126.0827977159718,217.10024032487647,208.03145259472421,219.7600172273066
ldaps_heightAboveGround_2_SWDIR_min,ldaps,min,0.0,0.0,0.0,7002,3460,3661,False,104.65368299212874,93.15232038050857,105.33322444626174,198.70995671170155,190.79911772559348,200.25622023326153
ldaps_heightAboveGround_2_SWDIR_max,ldaps,max,0.0,0.0,0.0,8171,4139,4226,False,145.16509540573557,133.00421094390117,147.41990137984664,237.3089488220596,227.45524117420243,240.8265091706263
ldaps_heightAboveGround_2_SWDIR_std,ldaps,std,0.0,0.0,0.0,8905,4415,4452,False,12.82329023352049,12.599801426719447,13.375711661797618,25.935334670346872,25.187592367376766,27.302173515308322
ldaps_heightAboveGround_2_SWDIF_mean,ldaps,mean,0.0,0.0,0.0,9448,4738,4727,False,59.19266101182536,62.245522976520064,60.06516795998772,81.13644965108126,87.05314576861414,82.58856722701672
ldaps_heightAboveGround_2_SWDIF_min,ldaps,min,0.0,0.0,0.0,9357,4705,4701,False,51.84015215029745,53.90901051190107,52.332749922100014,70.3797002043108,74.94511538425398,71.9117558372224
ldaps_heightAboveGround_2_SWDIF_max,ldaps,max,0.0,0.0,0.0,9377,4719,4703,False,67.26545315585089,71.33383889066249,68.64345207495627,93.6752198539235,100.7124272495892,95.37509808752333
ldaps_heightAboveGround_2_SWDIF_std,ldaps,std,0.0,0.0,0.0,9448,4736,4726,False,4.911382348671481,5.5096741610656546,5.210855616697798,11.366207481573616,11.902294938339878,11.905565965416692
ldaps_etc_0_hcc_mean,ldaps,mean,0.0,0.0,0.00034250485215207214,7534,3544,3641,False,0.2777885376212094,0.2689401266380464,0.2573965071637513,0.36513812876811447,0.3688103217450667,0.35811463300496044
ldaps_etc_0_hcc_min,ldaps,min,0.0,0.0,0.00034250485215207214,3593,1994,2145,False,0.26007285031649635,0.25235854674502506,0.23851635866673135,0.3536279069725775,0.35778666633590106,0.34478459287178376
ldaps_etc_0_hcc_max,ldaps,max,0.0,0.0,0.00034250485215207214,3365,1866,2008,False,0.29607984509642676,0.28595917936641624,0.2766477832581544,0.3788702045732017,0.3822655230365461,0.373461489455975
ldaps_etc_0_hcc_std,ldaps,std,0.0,0.0,0.00034250485215207214,7222,3414,3537,False,0.011517465305094442,0.010843916107201658,0.0121926234916923,0.031235932000405548,0.03151875777032127,0.03219583099687961
ldaps_etc_0_mcc_mean,ldaps,mean,0.0,0.0,0.00034250485215207214,6364,3024,2836,False,0.18448387756995158,0.17576994513912797,0.1720007192744525,0.32023627846748526,0.3159516589515741,0.3196459310840581
ldaps_etc_0_mcc_min,ldaps,min,0.0,0.0,0.00034250485215207214,4063,2106,1892,False,0.15165368808265883,0.14290699028056691,0.14283191590992464,0.29171695775498213,0.28669566063957197,0.2946353075127644
ldaps_etc_0_mcc_max,ldaps,max,0.0,0.0,0.00034250485215207214,4271,2279,2048,False,0.22238675980269992,0.2147999214327755,0.2078797607852444,0.3561042904117619,0.3550837703184871,0.35510512697090757
ldaps_etc_0_mcc_std,ldaps,std,0.0,0.0,0.00034250485215207214,6351,3018,2828,False,0.022218225713905155,0.02265555754226317,0.020599165719184534,0.05010488826907181,0.052336505659842755,0.05026080508684506
ldaps_etc_0_lcc_mean,ldaps,mean,0.0,0.0,0.00034250485215207214,9286,5187,4942,False,0.27238853543495173,0.34353638123302166,0.294879774349818,0.35742214806720013,0.3865918928698355,0.36721362261109747
ldaps_etc_0_lcc_min,ldaps,min,0.0,0.0,0.00034250485215207214,5624,3424,3078,False,0.1731347720494834,0.23014113333493855,0.18973823560851985,0.29796032274790274,0.34125314570879706,0.3160993085035067
ldaps_etc_0_lcc_max,ldaps,max,0.0,0.0,0.00034250485215207214,6372,3647,3610,False,0.36209300155395857,0.44000345333362934,0.39231925866946094,0.4134843658200024,0.42774691351962324,0.417642166667612
ldaps_etc_0_lcc_std,ldaps,std,0.0,0.0,0.00034250485215207214,9296,5186,4945,False,0.061278033843445594,0.06792624614816546,0.06567609121393911,0.08472171453267244,0.08740745689072517,0.0865105603931065
ldaps_etc_0_VLCDC_mean,ldaps,mean,0.0,0.0,0.00034250485215207214,6135,3647,3283,False,0.14930185001353494,0.20400628680577895,0.16547985630551124,0.2829049295475711,0.3310702441122018,0.30094479811955244
ldaps_etc_0_VLCDC_min,ldaps,min,0.0,0.0,0.00034250485215207214,2680,1778,1553,False,0.06677191571890519,0.10798136391237478,0.08405800436435587,0.19428005094640227,0.2554072823997258,0.22367946115853024
ldaps_etc_0_VLCDC_max,ldaps,max,0.0,0.0,0.00034250485215207214,4438,2567,2425,False,0.21840378207880587,0.28079956337612705,0.23477312611338516,0.35902544738885495,0.39473417309054504,0.3687770528939233
ldaps_etc_0_VLCDC_std,ldaps,std,0.0,0.0,0.00034250485215207214,6139,3649,3289,False,0.0486828011429226,0.05532280275891638,0.04831332577203913,0.0853966458559108,0.08805674394347955,0.08267938392549735
ldaps_surface_0_avg_lsprate_mean,ldaps,mean,0.0,0.0,0.0,2390,1287,1132,False,4.539771763384568e-05,4.0339371574597705e-05,2.9545132703153116e-05,0.0003510165247285221,0.00028786317445457233,0.0001792527162383481
ldaps_surface_0_avg_lsprate_min,ldaps,min,0.0,0.0,0.0,946,566,564,False,2.9195348042530388e-05,2.4877724364071037e-05,1.8323537854320127e-05,0.00024301383302931392,0.00021110396297571198,0.00013012348125725543
ldaps_surface_0_avg_lsprate_max,ldaps,max,0.0,0.0,0.0,1511,897,823,False,6.841262279303272e-05,6.733136273280509e-05,4.7913062271980826e-05,0.0005098674871560174,0.0004685465735529887,0.00029746697601772197
ldaps_surface_0_avg_lsprate_std,ldaps,std,0.0,0.0,0.0,2418,1296,1142,False,1.2300109481880988e-05,1.2949593946519431e-05,9.076375065220925e-06,0.00011371659022875803,0.00010787201162003135,7.124151407533573e-05
ldaps_surface_0_lssrate_mean,ldaps,mean,0.0,0.0,0.0,815,765,567,False,4.106252236553278e-06,1.1302697224282076e-05,8.10872177553916e-06,3.6053861887936735e-05,6.620562038232687e-05,6.54181397660374e-05
ldaps_surface_0_lssrate_min,ldaps,min,0.0,0.0,0.0,495,535,389,False,1.8320945347434214e-06,5.89757497398224e-06,5.068194706719945e-06,1.9357198860637197e-05,3.9254268823390415e-05,4.758914017603803e-05
ldaps_surface_0_lssrate_max,ldaps,max,0.0,0.0,0.0,653,681,474,False,6.773829486145328e-06,1.7581346594706284e-05,1.1442787790227195e-05,5.510799736383248e-05,9.644450075986233e-05,8.46113500580581e-05
ldaps_surface_0_lssrate_std,ldaps,std,0.0,0.0,0.0,815,765,568,False,1.491340070362482e-06,3.5525972190274628e-06,1.942049543389915e-06,1.2194133812126597e-05,1.944550348566934e-05,1.3296769131637693e-05
ldaps_surface_0_ncpcp_mean,ldaps,mean,0.0,0.0,0.0,2086,1147,1034,False,0.16299232249043538,0.1449654035928179,0.10610176248728093,1.2630383344937315,1.0361518627603812,0.6448577977256075
ldaps_surface_0_ncpcp_min,ldaps,min,0.0,0.0,0.0,932,529,520,False,0.10484965392770706,0.08933162348377732,0.06572433417576208,0.8748607793011725,0.7600546871365454,0.4684230762185706
ldaps_surface_0_ncpcp_max,ldaps,max,0.0,0.0,0.0,1487,898,837,False,0.24568062885686973,0.24222778150369992,0.17225669228153898,1.8349220978192684,1.6867925448748278,1.0708882922851717
ldaps_surface_0_ncpcp_std,ldaps,std,0.0,0.0,0.0,2194,1183,1051,False,0.04430251842203314,0.04670373444410471,0.03275976972043912,0.4106409976290751,0.38877352952734057,0.257634003818549
ldaps_surface_0_snol_mean,ldaps,mean,0.0,0.0,0.0,769,736,549,False,0.014597611615535275,0.040486282790869764,0.029028860705424424,0.12897605137277723,0.23756870407752562,0.23531570189451612
ldaps_surface_0_snol_min,ldaps,min,0.0,0.0,0.0,477,529,372,False,0.005990007081853987,0.020757430271857925,0.01806814489673479,0.06818077813189119,0.14087603790356676,0.17127270008068504
ldaps_surface_0_snol_max,ldaps,max,0.0,0.0,0.0,705,704,511,False,0.024339623258662024,0.063212082625,0.04115637197282795,0.19837574574312947,0.34720250151623794,0.3046235581348507
ldaps_surface_0_snol_std,ldaps,std,0.0,0.0,0.0,771,737,550,False,0.0055465745424979245,0.012972566158437204,0.007085802270823474,0.04583137309405368,0.07205999859044158,0.04858618169345541
ldaps_surface_0_SNOM_mean,ldaps,mean,0.0,0.0,0.00034250485215207214,2150,1369,1322,False,0.0070564517723209555,0.02611629240478368,0.016845716639872135,0.0764780764081538,0.17959727473794823,0.14976867034105454
ldaps_surface_0_SNOM_min,ldaps,min,0.0,0.0,0.00034250485215207214,1314,836,877,False,0.0018817114065794568,0.009197257794026708,0.007416211922953575,0.03136199313354039,0.08345823525283483,0.08519265671059764
ldaps_surface_0_SNOM_max,ldaps,max,0.0,0.0,0.00034250485215207214,1908,1306,1199,False,0.014408060246045773,0.048789300649988966,0.028962030053168816,0.1305794510591484,0.30791134558456573,0.22460131695153412
ldaps_surface_0_SNOM_std,ldaps,std,0.0,0.0,0.00034250485215207214,1397,1069,860,False,0.003933100184177266,0.011626341984327396,0.006780575876542841,0.03805248859715239,0.07418311420131884,0.05643550638430116
ldaps_surface_0_lsm_mean,ldaps,mean,0.0,0.0,0.00034250485215207214,1,1,1,True,1.0,1.0,1.0,0.0,0.0,0.0
ldaps_surface_0_lsm_min,ldaps,min,0.0,0.0,0.00034250485215207214,1,1,1,True,1.0,1.0,1.0,0.0,0.0,0.0
ldaps_surface_0_lsm_max,ldaps,max,0.0,0.0,0.00034250485215207214,1,1,1,True,1.0,1.0,1.0,0.0,0.0,0.0
ldaps_surface_0_lsm_std,ldaps,std,0.0,0.0,0.00034250485215207214,1,1,1,True,0.0,0.0,0.0,0.0,0.0,0.0
ldaps_surface_0_h_mean,ldaps,mean,0.0,0.0,0.00034250485215207214,1,1,1,True,943.52734375,943.52734375,943.52734375,0.0,0.0,0.0
ldaps_surface_0_h_min,ldaps,min,0.0,0.0,0.00034250485215207214,1,1,1,True,868.8125,868.8125,868.8125,0.0,0.0,0.0
ldaps_surface_0_h_max,ldaps,max,0.0,0.0,0.00034250485215207214,1,1,1,True,1001.25,1001.25,1001.25,0.0,0.0,0.0
ldaps_surface_0_h_std,ldaps,std,0.0,0.0,0.00034250485215207214,1,1,1,True,44.79089128447089,44.79089128447089,44.79089128447089,7.105630158319083e-15,7.105831844969764e-15,7.105833138553196e-15
gfs_latitude_mean,gfs,mean,0.0,0.0,0.0,1,1,1,True,37.25,37.25,37.25,0.0,0.0,0.0
gfs_latitude_min,gfs,min,0.0,0.0,0.0,1,1,1,True,37.0,37.0,37.0,0.0,0.0,0.0
gfs_latitude_max,gfs,max,0.0,0.0,0.0,1,1,1,True,37.5,37.5,37.5,0.0,0.0,0.0
gfs_latitude_std,gfs,std,0.0,0.0,0.0,1,1,1,True,0.21650635094610915,0.21650635094610918,0.21650635094610915,0.0,2.775715564441314e-17,0.0
gfs_longitude_mean,gfs,mean,0.0,0.0,0.0,1,1,1,True,129.0,129.0,129.0,0.0,0.0,0.0
gfs_longitude_min,gfs,min,0.0,0.0,0.0,1,1,1,True,128.75,128.75,128.75,0.0,0.0,0.0
gfs_longitude_max,gfs,max,0.0,0.0,0.0,1,1,1,True,129.25,129.25,129.25,0.0,0.0,0.0
gfs_longitude_std,gfs,std,0.0,0.0,0.0,1,1,1,True,0.21650635094611118,0.21650635094611115,0.21650635094611118,2.775636780593392e-17,5.551431128882628e-17,2.7757160154528705e-17
gfs_heightAboveGround_10_10u_mean,gfs,mean,0.0,0.0,0.0,17519,8784,8759,False,1.3170525292442916,1.0792894353055345,1.528940109832773,1.969791890345965,1.9615123659371483,2.049812136546298
gfs_heightAboveGround_10_10u_min,gfs,min,0.0,0.0,0.0,17496,8771,8751,False,-0.5056272283837268,-0.655807205968997,-0.31411452518048977,2.1868237248110862,2.0974238895876294,2.2299542736256974
gfs_heightAboveGround_10_10u_max,gfs,max,0.0,0.0,0.0,17479,8781,8746,False,3.0098690906211556,2.7386713932889553,3.2146581637534877,2.3010923717243017,2.2689457360560574,2.4315107448462676
gfs_heightAboveGround_10_10u_std,gfs,std,0.0,0.0,0.0,17519,8784,8759,False,1.1781951558752175,1.1377677300585682,1.1765484952028815,0.554944706097793,0.5156335108685461,0.5449673086028073
gfs_heightAboveGround_10_10v_mean,gfs,mean,0.0,0.0,0.0,17519,8784,8759,False,0.2129803175625259,0.1068570478399828,0.277440291456565,1.2681217183902276,1.3730751238201357,1.1966060992938563
gfs_heightAboveGround_10_10v_min,gfs,min,0.0,0.0,0.0,17457,8767,8745,False,-1.6803944955370878,-1.8503870567592213,-1.5843087667855464,2.0706659573001978,2.290585469834605,1.900655228521555
gfs_heightAboveGround_10_10v_max,gfs,max,0.0,0.0,0.0,17457,8774,8744,False,1.7528887977718033,1.7091837528723026,1.80825773553693,1.7873431992944464,1.894458394057167,1.7314210728670312
gfs_heightAboveGround_10_10v_std,gfs,std,0.0,0.0,0.0,17519,8784,8759,False,1.074674895265441,1.1113477280810025,1.060853773243065,0.5154467946758691,0.5503713684860618,0.4887428349362393
gfs_heightAboveGround_80_u_mean,gfs,mean,0.0,0.0,0.0,17519,8784,8759,False,2.0432850516891423,1.6978485656087985,2.399130912034914,3.091575574026342,3.0958491110938615,3.2546043396977704
gfs_heightAboveGround_80_u_min,gfs,min,0.0,0.0,0.0,17494,8767,8747,False,-0.11239195923470492,-0.3692323655909107,0.16651747341162462,3.0825599724672332,2.9802223061386286,3.172418474896608
gfs_heightAboveGround_80_u_max,gfs,max,0.0,0.0,0.0,17497,8780,8751,False,3.9863585386666047,3.6298250122908904,4.349113659582623,3.485038497018677,3.5097594145637445,3.6726680392806244
gfs_heightAboveGround_80_u_std,gfs,std,0.0,0.0,0.0,17519,8784,8759,False,1.3688457785193007,1.332469888784473,1.3935745291475543,0.795797195916068,0.7419990061962717,0.7797756281067765
gfs_heightAboveGround_80_v_mean,gfs,mean,0.0,0.0,0.0,17519,8784,8759,False,0.26803860566384974,0.13185067511506918,0.34354559955041675,1.8798178124218792,2.015234791064731,1.7802199839170596
gfs_heightAboveGround_80_v_min,gfs,min,0.0,0.0,0.0,17477,8778,8749,False,-1.9907810892179354,-2.157762259078461,-1.9101296062121715,2.5615088082129356,2.78809200718318,2.3757208995367893
gfs_heightAboveGround_80_v_max,gfs,max,0.0,0.0,0.0,17481,8772,8751,False,2.1107863531674163,2.0734877408738845,2.199562141909541,2.388164340502009,2.530259817489301,2.3261755525690595
gfs_heightAboveGround_80_v_std,gfs,std,0.0,0.0,0.0,17517,8784,8759,False,1.293314028348367,1.3375077465513343,1.2969035631898218,0.6123197104490111,0.6489046323389304,0.584096076084336
gfs_heightAboveGround_100_100u_mean,gfs,mean,0.0,0.0,0.0,17519,8784,8759,False,2.1464478647435814,1.784386692027414,2.523626500935932,3.2610688715561302,3.2686278258910972,3.43465169437548
gfs_heightAboveGround_100_100u_min,gfs,min,0.0,0.0,0.0,17491,8775,8751,False,-0.029982107161012135,-0.30455583134768904,0.2636833315624565,3.2071925045413296,3.103380237894222,3.3025517253578447
gfs_heightAboveGround_100_100u_max,gfs,max,0.0,0.0,0.0,17500,8781,8757,False,4.118643955840287,3.74706302401555,4.504732537315698,3.693672900681546,3.723659854775729,3.88523988020254
gfs_heightAboveGround_100_100u_std,gfs,std,0.0,0.0,0.0,17518,8784,8759,False,1.3825574612944347,1.3469700649296734,1.4109361590276077,0.8324983778240441,0.777273861782676,0.8142842359684602
gfs_heightAboveGround_100_100v_mean,gfs,mean,0.0,0.0,0.0,17519,8784,8758,False,0.2754823670169009,0.13483129241708652,0.35144130340306495,1.9691403133386283,2.107056805965338,1.8639314406343128
gfs_heightAboveGround_100_100v_min,gfs,min,0.0,0.0,0.0,17485,8779,8748,False,-2.0074782275810987,-2.1773265447644015,-1.9307640491895879,2.6319447229072104,2.8591606994500203,2.4460262425916843
gfs_heightAboveGround_100_100v_max,gfs,max,0.0,0.0,0.0,17476,8780,8749,False,2.1533323195569776,2.1139120704495085,2.2461922294396506,2.478786367870196,2.6214123818946935,2.4134441824807915
gfs_heightAboveGround_100_100v_std,gfs,std,0.0,0.0,0.0,17518,8783,8759,False,1.3134877157481755,1.3591045342726322,1.3194548316046593,0.6265228686639102,0.6619103691326078,0.5965319334594799
gfs_heightAboveGround_2_2t_mean,gfs,mean,0.0,0.0,0.0,17380,8750,8726,False,283.2987138832125,284.09021533368747,283.5867545622915,10.184086736770078,10.06345737587432,10.657422123373633
gfs_heightAboveGround_2_2t_min,gfs,min,0.0,0.0,0.0,16728,8531,8514,False,280.7946307243564,281.615334332878,281.0333446044069,10.529343072848963,10.364597011324843,10.860455251077997
gfs_heightAboveGround_2_2t_max,gfs,max,0.0,0.0,0.0,16600,8492,8466,False,287.747952403676,288.34448049863386,287.98118215207217,8.844344488727568,8.830893900707913,9.373434910330472
gfs_heightAboveGround_2_2t_std,gfs,std,0.0,0.0,0.0,17519,8783,8759,False,2.252034435591375,2.1643412130904705,2.2608759933713793,0.811782934426858,0.7551194453800213,0.7399515979420079
gfs_heightAboveGround_2_2d_mean,gfs,mean,0.0,0.0,0.0,16035,8389,8365,False,276.994784785915,278.97040072530865,277.71139865687354,11.929673382716718,10.870049709394191,11.9472804375589
gfs_heightAboveGround_2_2d_min,gfs,min,0.0,0.0,0.0,13568,7340,7286,False,275.14102752725614,277.2041489367031,275.9801589108346,12.32778365826157,11.23188927925669,12.239090947581833
gfs_heightAboveGround_2_2d_max,gfs,max,0.0,0.0,0.0,13389,7266,7193,False,280.42033842000114,281.8774354690346,280.84521271035504,10.911417731265232,10.271284403899894,11.15035051385313
gfs_heightAboveGround_2_2d_std,gfs,std,0.0,0.0,0.0,17507,8783,8757,False,1.688403894048407,1.5002445099001411,1.5369716175968204,0.8474348971833139,0.6655624717438583,0.6957597855469113
gfs_heightAboveGround_2_2r_mean,gfs,mean,0.0,0.0,0.0,6544,4559,4828,False,68.66704530319464,73.6433173952641,70.3874668594842,20.669940639600384,18.10546250720296,19.49792169941665
gfs_heightAboveGround_2_2r_min,gfs,min,0.0,0.0,0.0,864,797,813,False,56.90250585079057,61.30632969034609,57.987624158008906,20.175856075959402,17.967976777166264,18.855174470153365
gfs_heightAboveGround_2_2r_max,gfs,max,0.0,0.0,0.0,747,640,705,False,79.9132713054398,84.49351092896175,81.95440118735017,18.445808077222615,15.015864433622825,17.288456931522315
gfs_heightAboveGround_2_2r_std,gfs,std,0.0,0.0,0.0,17433,8764,8740,False,7.669665395243079,7.657169001367878,8.010636300960837,3.732486733444818,3.443858094893204,3.4866043769281094
gfs_heightAboveGround_2_2sh_mean,gfs,mean,0.0,0.0,0.0,17515,8783,8759,False,0.006960160879645337,0.00760618709317155,0.007276549287148202,0.00498371143000162,0.0050401700128320905,0.005060771897763999
gfs_heightAboveGround_2_2sh_min,gfs,min,0.0,0.0,0.0,17459,8775,8752,False,0.006367545699947486,0.006986819877918943,0.006669187360751228,0.004790122494594558,0.004841078391876213,0.004810777998495328
gfs_heightAboveGround_2_2sh_max,gfs,max,0.0,0.0,0.0,17472,8779,8755,False,0.007953444348203666,0.008564621691211293,0.00824556507814705,0.005190638947453856,0.005310965175441552,0.005387850857983696
gfs_heightAboveGround_2_2sh_std,gfs,std,0.0,0.0,0.0,17519,8784,8759,False,0.0005141791787431955,0.0005112133577978125,0.0005057259863095777,0.0003126240852844179,0.00030363028572016995,0.00033153384202535424
gfs_planetaryBoundaryLayer_0_u_mean,gfs,mean,0.0,0.0,0.0,17519,8784,8759,False,2.683426884568967,2.3207379982422487,3.1921742541513374,4.546653194097595,4.621791530070928,4.86605932156052
gfs_planetaryBoundaryLayer_0_u_min,gfs,min,0.0,0.0,0.0,17477,8774,8751,False,-0.011338163592316066,-0.33627601737468804,0.2879995022632374,3.8385218362315077,3.6717546143309105,3.9776010389090817
gfs_planetaryBoundaryLayer_0_u_max,gfs,max,0.0,0.0,0.0,17461,8776,8744,False,4.995346005926057,4.621089645783627,5.590088782624401,5.530324816171427,5.679981015549934,5.883083698186034
gfs_planetaryBoundaryLayer_0_u_std,gfs,std,0.0,0.0,0.0,17000,8693,8612,False,1.6778234827703329,1.662036672312396,1.7765966508311728,1.215497550870199,1.2435806237863476,1.2774349925423367
gfs_planetaryBoundaryLayer_0_v_mean,gfs,mean,0.0,0.0,0.0,17519,8784,8759,False,0.15162112633055375,0.02521187214128512,0.17254122221709597,2.575533605393378,2.666988308497888,2.380304538614519
gfs_planetaryBoundaryLayer_0_v_min,gfs,min,0.0,0.0,0.0,17443,8770,8746,False,-2.1371922895321442,-2.3258215730290055,-2.1081491155444176,2.9755198456183556,3.1946911584936166,2.786226277289716
gfs_planetaryBoundaryLayer_0_v_max,gfs,max,0.0,0.0,0.0,17455,8772,8738,False,2.0897327644930774,2.089342363148542,2.1253250265507435,3.100650683925662,3.1357300189335486,2.881319435018584
gfs_planetaryBoundaryLayer_0_v_std,gfs,std,0.0,0.0,0.0,16996,8702,8649,False,1.3507831506964716,1.4168431073432795,1.3502264580085277,0.7236835103741162,0.7584309346208871,0.6736600653458186
gfs_planetaryBoundaryLayer_0_VRATE_mean,gfs,mean,0.0,0.0,0.0,1766,1269,1249,False,3526.1616037499907,3441.881841657733,4002.419204800941,6116.8285324451335,5759.098557042713,6819.650951786592
gfs_planetaryBoundaryLayer_0_VRATE_min,gfs,min,0.0,0.0,0.0,368,222,217,False,1250.1514304333023,1085.2005018601787,1362.6784936195008,3863.965348118635,3232.8936396594922,4140.006777422949
gfs_planetaryBoundaryLayer_0_VRATE_max,gfs,max,0.0,0.0,0.0,540,421,404,False,6207.951533579694,6261.430009992255,6829.318521179119,8242.69823537969,8175.529685781513,9034.617864209047
gfs_planetaryBoundaryLayer_0_VRATE_std,gfs,std,0.0,0.0,0.0,5767,3502,3584,False,1668.8850622564792,1742.0259920725568,1830.234063884514,2115.8028036836595,2221.3466619441883,2326.748025582743
gfs_surface_0_dswrf_mean,gfs,mean,0.0,0.0,0.0,10810,5468,5463,False,181.23007843314656,176.08742394962596,180.71028045578768,243.28471882399808,239.90122886525563,243.54030823312718
gfs_surface_0_dswrf_min,gfs,min,0.0,0.0,0.0,9264,4956,4934,False,153.4406078028198,146.16386385323656,153.08828266517867,224.1282787351809,219.95199706214336,225.6165607445192
gfs_surface_0_dswrf_max,gfs,max,0.0,0.0,0.0,9761,5168,5142,False,205.4940761373937,201.94552914594718,204.94635503415915,263.1661424708463,260.65048944859893,261.24442363314415
gfs_surface_0_dswrf_std,gfs,std,0.0,0.0,0.0,10978,5509,5492,False,18.219009980472347,19.447080997715943,17.981109183901765,35.53249560020854,36.44181768951348,33.22420079698179
gfs_surface_0_dlwrf_mean,gfs,mean,0.0,0.0,0.0,17154,8677,8664,False,300.1833911905804,309.77433748886864,304.03748086844007,71.57660612802398,68.50914759541482,73.41798171407741
gfs_surface_0_dlwrf_min,gfs,min,0.0,0.0,0.0,15075,7986,8015,False,286.18673549175185,294.8127215903916,289.67119983788103,71.85170200735793,69.38995399304673,73.51908581013168
gfs_surface_0_dlwrf_max,gfs,max,0.0,0.0,0.0,14944,7900,7984,False,321.2545190975512,331.0739123474499,324.558550046809,68.49533677141577,65.50161723927452,70.87922199834782
gfs_surface_0_dlwrf_std,gfs,std,0.0,0.0,0.0,17517,8783,8757,False,11.74142445402629,12.199635581057688,11.711822991852904,5.396080759071948,6.2733630371078855,5.3896394691458935
gfs_surface_0_prate_mean,gfs,mean,0.0,0.0,0.0,3971,2518,2331,False,4.094469268286495e-05,4.110696873102612e-05,3.440638175337113e-05,0.00017392335651496467,0.0001860154504438291,0.00013546976566756246
gfs_surface_0_prate_min,gfs,min,0.0,0.0,0.0,662,423,396,False,9.46515440379017e-06,9.30695810564663e-06,7.6092384975453835e-06,7.098610180529953e-05,8.089615796886033e-05,5.410047342240658e-05
gfs_surface_0_prate_max,gfs,max,0.0,0.0,0.0,2263,1497,1367,False,0.00010117651692448199,9.799385701275046e-05,8.469962324466264e-05,0.0003876719935208979,0.0003686512039758465,0.00030727811238018303
gfs_surface_0_prate_std,gfs,std,0.0,0.0,0.0,6699,3943,3630,False,3.150336688112309e-05,3.0526232916927226e-05,2.6506884841767206e-05,0.00011796186472869845,0.0001091758747343547,9.323344226445175e-05
gfs_surface_0_tp_mean,gfs,mean,0.0,0.0,0.0,2098,1414,1265,False,2.3069461093035497,2.364747773730014,1.8471429386916312,6.588014744108045,6.799769321341055,4.622900631502536
gfs_surface_0_tp_min,gfs,min,0.0,0.0,0.0,204,141,141,False,0.23020720360751185,0.23132257513661203,0.18964779084370362,1.4914178098200737,1.5972779847169685,1.1807589401995826
gfs_surface_0_tp_max,gfs,max,0.0,0.0,0.0,985,726,658,False,6.131150465209202,6.3153460837887065,5.119926646877498,15.672422372658993,15.414928695787749,11.675759249104965
gfs_surface_0_tp_std,gfs,std,0.0,0.0,0.0,5205,3116,2912,False,2.259162613905316,2.3015919746190403,1.8853080521266736,6.036202827478859,5.793819509861025,4.423189062544282
gfs_surface_0_sp_mean,gfs,mean,0.0,0.0,0.0,17490,8781,8752,False,95439.38729670008,95453.40479681492,95381.68481398182,615.5396366660608,604.5754358428653,631.9170802233403
gfs_surface_0_sp_min,gfs,min,0.0,0.0,0.0,16826,8615,8567,False,92792.87956447287,92814.88156853369,92739.40068991894,551.7653531126122,546.7764962074504,581.5879330390474
gfs_surface_0_sp_max,gfs,max,0.0,0.0,0.0,17035,8655,8650,False,101347.82972024659,101354.04439947632,101274.22935917342,788.5498585278006,782.5920047311583,795.6009813593295
gfs_surface_0_sp_std,gfs,std,0.0,0.0,0.0,17519,8784,8759,False,2837.7846291315045,2834.6750856917224,2830.05101825235,110.28207662211321,113.53507439932297,115.17339212727939
gfs_meanSea_0_prmsl_mean,gfs,mean,0.0,0.0,0.0,17499,8777,8755,False,101635.98654729786,101634.09566192319,101572.2838989357,789.6346641905395,763.6865240601462,788.9382736288513
gfs_meanSea_0_prmsl_min,gfs,min,0.0,0.0,0.0,16984,8662,8616,False,101515.09840544552,101515.27666689435,101445.39518438179,793.781141625958,774.0303057224246,795.3644783205367
gfs_meanSea_0_prmsl_max,gfs,max,0.0,0.0,0.0,17022,8665,8642,False,101736.20489691194,101729.45666427596,101677.0245204932,798.176163672661,764.957340482149,793.2242339841906
gfs_meanSea_0_prmsl_std,gfs,std,0.0,0.0,0.0,17519,8784,8759,False,75.67919825812274,72.99901260811198,79.29448716519919,38.226968570919766,35.930507790886146,37.80043086504824
gfs_surface_0_gust_mean,gfs,mean,0.0,0.0,0.0,16998,8657,8614,False,4.3800417522757575,4.359957876812007,4.735812647120042,3.6776948655655084,3.604436556319581,3.7782133825188633
gfs_surface_0_gust_min,gfs,min,0.0,0.0,0.0,15547,8103,8027,False,2.3749634568206517,2.2875813332308743,2.518305574378354,2.8026682333874486,2.52674723838967,2.822250680103442
gfs_surface_0_gust_max,gfs,max,0.0,0.0,0.0,16156,8308,8229,False,6.8331231697471315,6.92165464721653,7.238033851573239,4.504053052296589,4.4733675367755135,4.553918196752183
gfs_surface_0_gust_std,gfs,std,0.0,0.0,0.0,17403,8756,8737,False,1.4740478628868123,1.5255615152794497,1.5665231656882894,1.0153965765358257,1.0315902435754467,1.0703695770650903
gfs_lowCloudLayer_0_lcc_mean,gfs,mean,0.0,0.0,0.0,6177,4302,4084,False,24.921406599818614,29.921818710787292,26.48231406426406,32.88538003280803,34.764484621132446,33.33468435727706
gfs_lowCloudLayer_0_lcc_min,gfs,min,0.0,0.0,0.0,921,850,793,False,10.736006621382499,13.448872950819672,11.451524146592076,25.86748646866124,28.24164197487672,26.357824618244727
gfs_lowCloudLayer_0_lcc_max,gfs,max,0.0,0.0,0.0,1000,976,972,False,43.2549003938581,50.32392987249545,46.47299920082201,42.77070982520635,42.79397448854876,42.49205041554124
gfs_lowCloudLayer_0_lcc_std,gfs,std,0.0,0.0,0.0,11674,6555,6261,False,11.883394242415696,13.51796591571529,12.822289432258469,13.543683834925611,13.693023278952541,13.543554236544649
gfs_middleCloudLayer_0_mcc_mean,gfs,mean,0.0,0.0,0.0,5769,3237,3393,False,28.380559519505805,24.136943432503543,26.274553158021586,36.68787301277998,35.23725460951347,36.185432356024464
gfs_middleCloudLayer_0_mcc_min,gfs,min,0.0,0.0,0.0,967,774,810,False,15.171939037616303,13.018374316939891,13.608105948167598,30.68931967506682,29.125602933813067,29.203266389391054
gfs_middleCloudLayer_0_mcc_max,gfs,max,0.0,0.0,0.0,983,847,866,False,43.75774872995034,37.60048952641165,40.512878182440915,45.41089886194521,44.56547051511176,45.08441923892951
gfs_middleCloudLayer_0_mcc_std,gfs,std,0.0,0.0,0.0,9931,4554,4846,False,10.893353022157584,9.377597618099998,10.27064267174124,14.365011132983255,13.824362327200594,14.183048069789868
gfs_highCloudLayer_0_hcc_mean,gfs,mean,0.0,0.0,0.0,5978,3658,3694,False,39.00249380038181,37.88962634082169,37.792433179840415,40.468224370541364,40.63827411316316,40.39564330543158
gfs_highCloudLayer_0_hcc_min,gfs,min,0.0,0.0,0.0,984,890,896,False,23.574804497973627,23.286703096539163,22.4353579175705,37.18495981399759,36.97442128753581,35.989215100121704
gfs_highCloudLayer_0_hcc_max,gfs,max,0.0,0.0,0.0,978,850,831,False,54.38349220845938,52.12402094717669,52.6948167599041,45.74492176926217,46.020814822959856,46.1070808586626
gfs_highCloudLayer_0_hcc_std,gfs,std,0.0,0.0,0.0,10503,5193,5263,False,11.743418539809769,11.001340509356897,11.551518624647898,14.446519513388994,14.10119813703382,14.340216890862832
gfs_atmosphere_0_tcc_mean,gfs,mean,0.0,0.0,0.0,6675,4332,4386,False,55.51138573358448,56.69344515280308,56.527475231825036,39.575580506196125,39.580160497810695,39.56071040492068
gfs_atmosphere_0_tcc_min,gfs,min,0.0,0.0,0.0,998,946,959,False,37.4073120611907,38.64988615664845,37.671537846786165,42.15539585874071,42.25052182570893,41.67120365181949
gfs_atmosphere_0_tcc_max,gfs,max,0.0,0.0,0.0,996,921,913,False,73.60442376847993,74.34477459016394,74.57446055485786,38.303327955655185,37.87776294135668,37.934923148047154
gfs_atmosphere_0_tcc_std,gfs,std,0.0,0.0,0.0,12907,6634,6732,False,13.38731747682265,13.149156515624664,13.664129966908042,13.762422490888646,13.520311706942529,13.74078614697687
gfs_isobaricInhPa_850_t_mean,gfs,mean,0.0,0.0,0.0,17519,8782,8759,False,278.8805248800984,279.60396266115157,279.0077582895054,10.125490191893656,10.147239601212691,10.709134308965206
gfs_isobaricInhPa_850_t_min,gfs,min,0.0,0.0,0.0,17378,8742,8729,False,277.80496136537477,278.5598266712204,277.90017161205617,10.356658579661428,10.32172095722332,10.896776514524781
gfs_isobaricInhPa_850_t_max,gfs,max,0.0,0.0,0.0,17369,8739,8726,False,280.0142032987043,280.7463349954463,280.17652489553603,9.949200503786473,9.986913063991924,10.55887919038401
gfs_isobaricInhPa_850_t_std,gfs,std,0.0,0.0,0.0,17519,8784,8759,False,0.7699566883040924,0.762161357387337,0.7935280058301735,0.5566201537400108,0.5512298291336057,0.5342578809504962
gfs_isobaricInhPa_850_u_mean,gfs,mean,0.0,0.0,0.0,17519,8784,8759,False,5.47249547102198,4.744266918270919,6.099074173546386,6.894812594286557,7.0735570637760095,7.1452450267086265
gfs_isobaricInhPa_850_u_min,gfs,min,0.0,0.0,0.0,17499,8781,8756,False,3.2586338234423673,2.5914644737148227,3.737085490775553,6.287499555676539,6.499169880093487,6.5174601521343645
gfs_isobaricInhPa_850_u_max,gfs,max,0.0,0.0,0.0,17509,8781,8749,False,7.5501299115392575,6.8129888313588225,8.29468566648711,7.602875790618079,7.710698231833462,7.830423346248166
gfs_isobaricInhPa_850_u_std,gfs,std,0.0,0.0,0.0,17516,8784,8759,False,1.4244066973750666,1.3966055924754046,1.506291461969337,0.8333874222936405,0.8283247286816642,0.8320758893110926
gfs_isobaricInhPa_850_v_mean,gfs,mean,0.0,0.0,0.0,17519,8784,8759,False,-0.40495119047394884,-0.44943176987236155,-0.4012782375910456,4.495992951445038,4.439172721209476,4.4192448434292295
gfs_isobaricInhPa_850_v_min,gfs,min,0.0,0.0,0.0,17502,8783,8754,False,-2.480254007012448,-2.513243623840915,-2.5478113294220988,4.886451015773464,4.9004038701856425,4.882525962622655
gfs_isobaricInhPa_850_v_max,gfs,max,0.0,0.0,0.0,17498,8778,8749,False,1.5238620979087496,1.4582397542002534,1.6046855355116452,4.481601905637704,4.37056211007965,4.3194512887441014
gfs_isobaricInhPa_850_v_std,gfs,std,0.0,0.0,0.0,17518,8784,8759,False,1.3410964255800963,1.3339140996473267,1.3948287640972472,0.7691224868308871,0.7810523443703292,0.7527332226390698
gfs_isobaricInhPa_850_r_mean,gfs,mean,0.0,0.0,0.0,7685,5306,5399,False,58.50344324574589,64.0427848613641,61.47720439928454,27.277484163815622,26.047469802733925,25.71094494859349
gfs_isobaricInhPa_850_r_min,gfs,min,0.0,0.0,0.0,985,977,971,False,47.99704321022889,52.82729963570127,50.57069300148418,27.511056726319755,26.893458865394408,26.38358255639918
gfs_isobaricInhPa_850_r_max,gfs,max,0.0,0.0,0.0,958,929,908,False,68.91424738854957,74.44832650273226,72.20068500970432,27.444129218403813,25.578779140536497,25.39120781106743
gfs_isobaricInhPa_850_r_std,gfs,std,0.0,0.0,0.0,17400,8768,8736,False,7.337977795391582,7.535567862490101,7.559807819986454,5.87402460310845,5.803127314760747,5.736678378696189
gfs_isobaricInhPa_700_t_mean,gfs,mean,0.0,0.0,0.0,17515,8783,8759,False,271.74164190085685,272.94229476459725,271.8572962669508,9.161680944591481,9.133023511328535,9.986705400138066
gfs_isobaricInhPa_700_t_min,gfs,min,0.0,0.0,0.0,17354,8740,8715,False,271.0275384873566,272.2615807468124,271.0999711565247,9.32662508437883,9.263157677678683,10.118924637066385
gfs_isobaricInhPa_700_t_max,gfs,max,0.0,0.0,0.0,17349,8749,8715,False,272.4302075946116,273.5865366154371,272.58366454732277,9.006240588497546,9.018897565446112,9.840242463232583
gfs_isobaricInhPa_700_t_std,gfs,std,0.0,0.0,0.0,17519,8784,8759,False,0.476097367902714,0.4488026176747364,0.5032211133573665,0.3406665785020357,0.3022735131929866,0.3261913466282163
gfs_isobaricInhPa_700_u_mean,gfs,mean,0.0,0.0,0.0,17519,8784,8759,False,9.352652858153663,8.775430029673538,10.106320480757729,7.761337865464823,7.767814306915732,7.753864950665945
gfs_isobaricInhPa_700_u_min,gfs,min,0.0,0.0,0.0,17509,8782,8752,False,7.630267508574296,7.145671502044775,8.252036002023058,7.382059601722064,7.303021650944309,7.376436517065796
gfs_isobaricInhPa_700_u_max,gfs,max,0.0,0.0,0.0,17509,8780,8755,False,11.070927366379548,10.34039144964473,11.90362065548242,8.240694828478711,8.26068153936351,8.184336014479005
gfs_isobaricInhPa_700_u_std,gfs,std,0.0,0.0,0.0,17518,8784,8759,False,1.1845680599238912,1.102112922354913,1.259190284396954,0.8993679130716635,0.8360895321861677,0.9300530126584212
gfs_isobaricInhPa_700_v_mean,gfs,mean,0.0,0.0,0.0,17519,8784,8759,False,-1.2126055763292842,-1.3422489604652759,-1.3890365061916254,6.6235621420398605,6.429568619314165,6.339963897452304
gfs_isobaricInhPa_700_v_min,gfs,min,0.0,0.0,0.0,17504,8782,8758,False,-2.455875866348209,-2.5584851697829625,-2.7084439737559984,6.513360385192776,6.350214878180373,6.2839424503472765
gfs_isobaricInhPa_700_v_max,gfs,max,0.0,0.0,0.0,17504,8779,8759,False,0.0853148410635674,-0.10890981108250909,-0.020826666284473085,6.788373154784791,6.608059489957779,6.490655249761959
gfs_isobaricInhPa_700_v_std,gfs,std,0.0,0.0,0.0,17519,8784,8759,False,0.8555198521442179,0.8265855999898575,0.9048538436516137,0.5764354667696234,0.6103594450906157,0.6404536749599071
gfs_isobaricInhPa_500_gh_mean,gfs,mean,0.0,0.0,0.0,17510,8784,8757,False,5655.203833424029,5678.231652579185,5653.447477228501,156.59013435298817,162.71122342283698,181.29511362718182
gfs_isobaricInhPa_500_gh_min,gfs,min,0.0,0.0,0.0,17336,8735,8717,False,5647.8725285689825,5671.642278210383,5646.009600639342,159.90501625627743,165.8266722309155,184.37476722078677
gfs_isobaricInhPa_500_gh_max,gfs,max,0.0,0.0,0.0,17310,8745,8712,False,5662.395589634112,5684.630610393898,5660.865104315561,153.27495098908597,159.68264534001267,178.03472049453126
gfs_isobaricInhPa_500_gh_std,gfs,std,0.0,0.0,0.0,17519,8784,8759,False,5.068777182548083,4.520154881044243,5.180921168598499,3.514036344390176,3.1709386647502837,3.402044638193248
gfs_isobaricInhPa_500_t_mean,gfs,mean,0.0,0.0,0.0,17490,8778,8758,False,256.8373003323376,258.0801609116322,257.00986455188945,8.878590043915265,9.149618282935794,9.931009574733872
gfs_isobaricInhPa_500_t_min,gfs,min,0.0,0.0,0.0,17127,8693,8671,False,256.264655386723,257.5482265653461,256.408221717091,8.9822151579264,9.24197375442549,10.041957477878157
gfs_isobaricInhPa_500_t_max,gfs,max,0.0,0.0,0.0,17120,8685,8669,False,257.4037819053599,258.6026608481329,257.59064649731704,8.78805328664487,9.070792710614327,9.850410153958235
gfs_isobaricInhPa_500_t_std,gfs,std,0.0,0.0,0.0,17519,8784,8759,False,0.39155871816102233,0.3627043888728166,0.4050367195627728,0.2913324093446082,0.2687679313191493,0.29491878305949354
gfs_isobaricInhPa_500_u_mean,gfs,mean,0.0,0.0,0.0,17519,8784,8758,False,17.8667150592147,16.050130610572165,18.13750489454996,11.440621906878015,10.57712375000704,11.196622856825178
gfs_isobaricInhPa_500_u_min,gfs,min,0.0,0.0,0.0,17514,8780,8756,False,16.24692270226568,14.50540609930476,16.387320573026706,11.19021088880671,10.373437189602116,10.952505378253619
gfs_isobaricInhPa_500_u_max,gfs,max,0.0,0.0,0.0,17506,8778,8758,False,19.527990686373197,17.65541750794849,19.92714361201484,11.778836608143681,10.88257772379525,11.514889031832203
gfs_isobaricInhPa_500_u_std,gfs,std,0.0,0.0,0.0,17514,8783,8759,False,1.1253128974945017,1.085967548626467,1.2186560580627264,0.7986920090511836,0.7891482142778788,0.8655109222081172
gfs_isobaricInhPa_500_v_mean,gfs,mean,0.0,0.0,0.0,17519,8784,8759,False,-0.7373669992687084,-1.188766435023917,-0.6778541399780526,8.409543925788372,8.226283367882512,8.131351370396711
gfs_isobaricInhPa_500_v_min,gfs,min,0.0,0.0,0.0,17505,8780,8754,False,-2.1321335659674214,-2.4856645825473023,-2.097901208312639,8.311560608288481,8.127145264831283,8.005665830728626
gfs_isobaricInhPa_500_v_max,gfs,max,0.0,0.0,0.0,17513,8780,8752,False,0.6883185105844754,0.1384406077861133,0.7770890917107593,8.593825852935074,8.413740228225226,8.342018200453472
gfs_isobaricInhPa_500_v_std,gfs,std,0.0,0.0,0.0,17501,8783,8754,False,0.9588297406685443,0.8905893660485268,0.9785648918352707,0.6661510743961626,0.660932538933411,0.7196089456289144
year,time,time,0.0,0.0,0.0,2,1,1,False,2022.500028540442,2024.0,2025.0,0.5000142700172696,0.0,0.0
month,time,time,0.0,0.0,0.0,12,12,12,False,6.526342827786974,6.5136612021857925,6.526658294325836,3.4477953329804425,3.451430384879086,3.4477393013468904
hour,time,time,0.0,0.0,0.0,24,24,24,False,11.50065643016154,11.5,11.501312935266583,6.922036363785546,6.922580608536135,6.9218860753123606
dayofyear,time,time,0.0,0.0,0.0,365,366,365,False,183.0103887208174,183.5,183.0207786276972,105.36307006364898,105.66071945242646,105.36010966293473
month_sin,time,time,0.0,0.0,0.0,11,11,11,False,-0.005409947915212754,-0.0030002082277413005,-0.0054387988084605675,0.7056617566415577,0.7061739517444808,0.7056917091202644
month_cos,time,time,0.0,0.0,0.0,11,11,11,False,-0.0024222412686476617,-0.001000069409247165,-0.002471815857359461,0.7085643460976061,0.70811171693735,0.7085744128301324
hour_sin,time,time,0.0,0.0,0.0,21,21,21,False,-1.5361496727503737e-17,-1.5369207626869198e-17,-1.541307452841866e-17,0.7071471446184487,0.7071470343264308,0.7071875149632776
hour_cos,time,time,0.0,0.0,0.0,22,22,22,False,-5.708088361213482e-05,-5.581449085547235e-17,-0.00011416828405074725,0.7071067788825014,0.7071470343264308,0.7071067719687845
doy_sin,time,time,0.0,0.0,0.0,323,324,323,False,-9.79869270798999e-07,0.0,-1.959850411591239e-06,0.7081151648764162,0.7071470343264308,0.7081555786040575
doy_cos,time,time,0.0,0.0,0.0,336,337,336,False,-0.0027969548859927006,-5.1769962532612035e-17,-0.002854190278308673,0.7061318389719514,0.7071470343264308,0.706131510751174
