slice_type,target,ficr_pass_winner,winner_count,slice_count,winner_rate,actual_bin,month,hour,high_generation_flag
actual_bin,,no_actual,18,18,1.0,,,,
actual_bin,,lgbm_l1_baseline,3269,6640,0.49231927710843376,<1%,,,
actual_bin,,catboost_quantile_060_depth6,517,1185,0.43628691983122364,90-100%,,,
actual_bin,,lgbm_l1_baseline,1800,4394,0.4096495220755576,30-60%,,,
actual_bin,,lgbm_l1_baseline,1793,4497,0.3987102512786302,10-30%,,,
actual_bin,,lgbm_l1_baseline,1160,3108,0.3732303732303732,1-5%,,,
actual_bin,,catboost_quantile_060_depth6,485,1320,0.36742424242424243,80-90%,,,
actual_bin,,lgbm_l1_baseline,738,2055,0.35912408759124087,5-10%,,,
actual_bin,,lgbm_l1_baseline,921,3135,0.2937799043062201,60-80%,,,
actual_bin,,catboost_quantile_060_depth6,872,3135,0.2781499202551834,60-80%,,,
actual_bin,,lgbm_l1_baseline,318,1320,0.2409090909090909,80-90%,,,
actual_bin,,catboost_quantile_055,747,3108,0.24034749034749034,1-5%,,,
actual_bin,,catboost_quantile_055,1571,6640,0.23659638554216866,<1%,,,
actual_bin,,catboost_quantile_0575_depth6,279,1185,0.23544303797468355,90-100%,,,
actual_bin,,catboost_quantile_060_depth6,944,4394,0.21483841602184797,30-60%,,,
actual_bin,,catboost_quantile_055,438,2055,0.21313868613138687,5-10%,,,
actual_bin,,catboost_quantile_060_depth6,926,4497,0.20591505448076494,10-30%,,,
actual_bin,,catboost_quantile_060_depth6,412,2055,0.20048661800486617,5-10%,,,
actual_bin,,catboost_quantile_0575_depth6,628,3135,0.20031897926634767,60-80%,,,
actual_bin,,catboost_quantile_0575_depth6,254,1320,0.19242424242424241,80-90%,,,
actual_bin,,catboost_quantile_055,859,4497,0.19101623304425172,10-30%,,,
actual_bin,,catboost_quantile_0575_depth6,392,2055,0.19075425790754258,5-10%,,,
actual_bin,,catboost_quantile_055,575,3135,0.18341307814992025,60-80%,,,
actual_bin,,catboost_quantile_055,791,4394,0.1800182066454256,30-60%,,,
actual_bin,,catboost_quantile_0575_depth6,771,4497,0.171447631754503,10-30%,,,
actual_bin,,catboost_quantile_0575_depth6,529,3108,0.1702059202059202,1-5%,,,
actual_bin,,catboost_quantile_060_depth6,521,3108,0.16763191763191762,1-5%,,,
actual_bin,,catboost_quantile_0575_depth6,717,4394,0.16317705962676377,30-60%,,,
actual_bin,,catboost_quantile_055,211,1320,0.15984848484848485,80-90%,,,
actual_bin,,catboost_quantile_055,183,1185,0.15443037974683543,90-100%,,,
actual_bin,,catboost_quantile_0575_depth6,1005,6640,0.15135542168674698,<1%,,,
actual_bin,,lgbm_l1_baseline,178,1185,0.150210970464135,90-100%,,,
actual_bin,,catboost_quantile_060_depth6,670,6640,0.10090361445783133,<1%,,,
actual_bin,,current_anchor,151,3108,0.04858429858429859,1-5%,,,
actual_bin,,current_anchor,139,3135,0.04433811802232855,60-80%,,,
actual_bin,,current_anchor,52,1320,0.03939393939393939,80-90%,,,
actual_bin,,current_anchor,75,2055,0.0364963503649635,5-10%,,,
actual_bin,,current_anchor,148,4497,0.03291082944185012,10-30%,,,
actual_bin,,current_anchor,142,4394,0.0323167956304051,30-60%,,,
actual_bin,,current_anchor,28,1185,0.02362869198312236,90-100%,,,
actual_bin,,current_anchor,125,6640,0.01882530120481928,<1%,,,
target,kpx_group_2,lgbm_l1_baseline,3532,8784,0.40209471766848814,,,,
target,kpx_group_1,lgbm_l1_baseline,3482,8784,0.39640255009107467,,,,
target,kpx_group_3,lgbm_l1_baseline,3163,8784,0.3600865209471767,,,,
target,kpx_group_3,catboost_quantile_060_depth6,1847,8784,0.2102686703096539,,,,
target,kpx_group_1,catboost_quantile_060_depth6,1827,8784,0.20799180327868852,,,,
target,kpx_group_3,catboost_quantile_055,1820,8784,0.20719489981785064,,,,
target,kpx_group_2,catboost_quantile_055,1802,8784,0.20514571948998178,,,,
target,kpx_group_1,catboost_quantile_055,1753,8784,0.19956739526411657,,,,
target,kpx_group_2,catboost_quantile_060_depth6,1673,8784,0.190459927140255,,,,
target,kpx_group_3,catboost_quantile_0575_depth6,1653,8784,0.18818306010928962,,,,
target,kpx_group_2,catboost_quantile_0575_depth6,1488,8784,0.16939890710382513,,,,
target,kpx_group_1,catboost_quantile_0575_depth6,1434,8784,0.16325136612021857,,,,
target,kpx_group_3,current_anchor,295,8784,0.033583788706739524,,,,
target,kpx_group_2,current_anchor,283,8784,0.032217668488160295,,,,
target,kpx_group_1,current_anchor,282,8784,0.03210382513661202,,,,
target,kpx_group_1,no_actual,6,8784,0.0006830601092896175,,,,
target,kpx_group_2,no_actual,6,8784,0.0006830601092896175,,,,
target,kpx_group_3,no_actual,6,8784,0.0006830601092896175,,,,
target+actual_bin,kpx_group_1,no_actual,6,6,1.0,,,,
target+actual_bin,kpx_group_2,no_actual,6,6,1.0,,,,
target+actual_bin,kpx_group_3,no_actual,6,6,1.0,,,,
target+actual_bin,kpx_group_3,catboost_quantile_060_depth6,237,438,0.541095890410959,90-100%,,,
target+actual_bin,kpx_group_1,lgbm_l1_baseline,1101,2078,0.5298363811357074,<1%,,,
target+actual_bin,kpx_group_3,catboost_quantile_060_depth6,141,274,0.5145985401459854,80-90%,,,
target+actual_bin,kpx_group_2,lgbm_l1_baseline,1034,2051,0.5041443198439786,<1%,,,
target+actual_bin,kpx_group_3,lgbm_l1_baseline,1134,2511,0.45161290322580644,<1%,,,
target+actual_bin,kpx_group_2,lgbm_l1_baseline,653,1462,0.4466484268125855,30-60%,,,
target+actual_bin,kpx_group_3,lgbm_l1_baseline,624,1507,0.41406768414067685,10-30%,,,
target+actual_bin,kpx_group_1,lgbm_l1_baseline,622,1554,0.40025740025740025,10-30%,,,
target+actual_bin,kpx_group_1,catboost_quantile_060_depth6,155,392,0.39540816326530615,90-100%,,,
target+actual_bin,kpx_group_1,lgbm_l1_baseline,406,1032,0.39341085271317827,1-5%,,,
target+actual_bin,kpx_group_1,lgbm_l1_baseline,583,1484,0.39285714285714285,30-60%,,,
target+actual_bin,kpx_group_3,lgbm_l1_baseline,564,1448,0.38950276243093923,30-60%,,,
target+actual_bin,kpx_group_2,lgbm_l1_baseline,268,695,0.3856115107913669,5-10%,,,
target+actual_bin,kpx_group_2,lgbm_l1_baseline,547,1436,0.38091922005571033,10-30%,,,
target+actual_bin,kpx_group_2,lgbm_l1_baseline,401,1056,0.3797348484848485,1-5%,,,
target+actual_bin,kpx_group_1,catboost_quantile_060_depth6,166,448,0.3705357142857143,80-90%,,,
target+actual_bin,kpx_group_3,lgbm_l1_baseline,241,681,0.35389133627019087,5-10%,,,
target+actual_bin,kpx_group_2,catboost_quantile_060_depth6,125,355,0.352112676056338,90-100%,,,
target+actual_bin,kpx_group_3,lgbm_l1_baseline,353,1020,0.346078431372549,1-5%,,,
target+actual_bin,kpx_group_1,lgbm_l1_baseline,229,679,0.33726067746686306,5-10%,,,
target+actual_bin,kpx_group_1,lgbm_l1_baseline,361,1111,0.32493249324932494,60-80%,,,
target+actual_bin,kpx_group_2,lgbm_l1_baseline,364,1125,0.32355555555555554,60-80%,,,
target+actual_bin,kpx_group_2,lgbm_l1_baseline,188,598,0.31438127090301005,80-90%,,,
target+actual_bin,kpx_group_3,catboost_quantile_060_depth6,282,899,0.3136818687430478,60-80%,,,
target+actual_bin,kpx_group_2,catboost_quantile_060_depth6,178,598,0.2976588628762542,80-90%,,,
target+actual_bin,kpx_group_1,catboost_quantile_060_depth6,306,1111,0.27542754275427545,60-80%,,,
target+actual_bin,kpx_group_2,catboost_quantile_060_depth6,284,1125,0.25244444444444447,60-80%,,,
target+actual_bin,kpx_group_2,catboost_quantile_055,503,2051,0.24524622135543636,<1%,,,
target+actual_bin,kpx_group_1,catboost_quantile_055,251,1032,0.24321705426356588,1-5%,,,
target+actual_bin,kpx_group_3,catboost_quantile_055,247,1020,0.24215686274509804,1-5%,,,
target+actual_bin,kpx_group_3,catboost_quantile_0575_depth6,106,438,0.2420091324200913,90-100%,,,
target+actual_bin,kpx_group_1,catboost_quantile_0575_depth6,94,392,0.23979591836734693,90-100%,,,
target+actual_bin,kpx_group_3,catboost_quantile_055,601,2511,0.23934687375547592,<1%,,,
target+actual_bin,kpx_group_1,lgbm_l1_baseline,106,448,0.23660714285714285,80-90%,,,
target+actual_bin,kpx_group_2,catboost_quantile_055,249,1056,0.23579545454545456,1-5%,,,
target+actual_bin,kpx_group_3,catboost_quantile_0575_depth6,208,899,0.23136818687430477,60-80%,,,
target+actual_bin,kpx_group_1,catboost_quantile_060_depth6,343,1484,0.23113207547169812,30-60%,,,
target+actual_bin,kpx_group_3,catboost_quantile_0575_depth6,63,274,0.22992700729927007,80-90%,,,
target+actual_bin,kpx_group_3,catboost_quantile_055,155,681,0.2276064610866373,5-10%,,,
target+actual_bin,kpx_group_1,catboost_quantile_055,467,2078,0.22473532242540906,<1%,,,
target+actual_bin,kpx_group_1,catboost_quantile_055,152,679,0.22385861561119294,5-10%,,,
target+actual_bin,kpx_group_2,catboost_quantile_0575_depth6,79,355,0.22253521126760564,90-100%,,,
target+actual_bin,kpx_group_1,catboost_quantile_060_depth6,151,679,0.22238586156111928,5-10%,,,
target+actual_bin,kpx_group_3,catboost_quantile_060_depth6,319,1448,0.22030386740331492,30-60%,,,
target+actual_bin,kpx_group_1,catboost_quantile_060_depth6,341,1554,0.21943371943371942,10-30%,,,
target+actual_bin,kpx_group_3,lgbm_l1_baseline,196,899,0.21802002224694106,60-80%,,,
target+actual_bin,kpx_group_2,lgbm_l1_baseline,77,355,0.21690140845070421,90-100%,,,
target+actual_bin,kpx_group_2,catboost_quantile_055,308,1436,0.21448467966573817,10-30%,,,
target+actual_bin,kpx_group_3,catboost_quantile_060_depth6,312,1507,0.20703384207033843,10-30%,,,
target+actual_bin,kpx_group_3,catboost_quantile_055,297,1448,0.20511049723756905,30-60%,,,
target+actual_bin,kpx_group_2,catboost_quantile_060_depth6,141,695,0.20287769784172663,5-10%,,,
target+actual_bin,kpx_group_3,catboost_quantile_0575_depth6,137,681,0.2011747430249633,5-10%,,,
target+actual_bin,kpx_group_2,catboost_quantile_0575_depth6,224,1125,0.1991111111111111,60-80%,,,
target+actual_bin,kpx_group_1,catboost_quantile_055,307,1554,0.19755469755469757,10-30%,,,
target+actual_bin,kpx_group_2,catboost_quantile_060_depth6,282,1462,0.19288645690834474,30-60%,,,
target+actual_bin,kpx_group_2,catboost_quantile_060_depth6,273,1436,0.19011142061281336,10-30%,,,
target+actual_bin,kpx_group_1,lgbm_l1_baseline,74,392,0.18877551020408162,90-100%,,,
target+actual_bin,kpx_group_2,catboost_quantile_055,131,695,0.1884892086330935,5-10%,,,
target+actual_bin,kpx_group_2,catboost_quantile_0575_depth6,131,695,0.1884892086330935,5-10%,,,
target+actual_bin,kpx_group_3,catboost_quantile_0575_depth6,191,1020,0.18725490196078431,1-5%,,,
target+actual_bin,kpx_group_2,catboost_quantile_0575_depth6,266,1436,0.18523676880222842,10-30%,,,
target+actual_bin,kpx_group_3,catboost_quantile_055,166,899,0.1846496106785317,60-80%,,,
target+actual_bin,kpx_group_1,catboost_quantile_055,204,1111,0.18361836183618363,60-80%,,,
target+actual_bin,kpx_group_1,catboost_quantile_0575_depth6,82,448,0.18303571428571427,80-90%,,,
target+actual_bin,kpx_group_1,catboost_quantile_0575_depth6,124,679,0.18262150220913106,5-10%,,,
target+actual_bin,kpx_group_2,catboost_quantile_0575_depth6,109,598,0.18227424749163879,80-90%,,,
target+actual_bin,kpx_group_2,catboost_quantile_055,205,1125,0.18222222222222223,60-80%,,,
target+actual_bin,kpx_group_3,catboost_quantile_0575_depth6,273,1507,0.18115461181154613,10-30%,,,
target+actual_bin,kpx_group_3,catboost_quantile_0575_depth6,452,2511,0.18000796495420152,<1%,,,
target+actual_bin,kpx_group_2,catboost_quantile_055,63,355,0.17746478873239438,90-100%,,,
target+actual_bin,kpx_group_1,catboost_quantile_0575_depth6,196,1111,0.17641764176417643,60-80%,,,
target+actual_bin,kpx_group_3,catboost_quantile_060_depth6,120,681,0.1762114537444934,5-10%,,,
target+actual_bin,kpx_group_1,catboost_quantile_0575_depth6,259,1484,0.17452830188679244,30-60%,,,
target+actual_bin,kpx_group_3,catboost_quantile_060_depth6,175,1020,0.1715686274509804,1-5%,,,
target+actual_bin,kpx_group_1,catboost_quantile_055,251,1484,0.16913746630727763,30-60%,,,
target+actual_bin,kpx_group_2,catboost_quantile_060_depth6,177,1056,0.16761363636363635,1-5%,,,
target+actual_bin,kpx_group_2,catboost_quantile_055,100,598,0.16722408026755853,80-90%,,,
target+actual_bin,kpx_group_2,catboost_quantile_055,243,1462,0.1662106703146375,30-60%,,,
target+actual_bin,kpx_group_2,catboost_quantile_0575_depth6,175,1056,0.16571969696969696,1-5%,,,
target+actual_bin,kpx_group_1,catboost_quantile_060_depth6,169,1032,0.16375968992248063,1-5%,,,
target+actual_bin,kpx_group_3,catboost_quantile_055,244,1507,0.1619110816191108,10-30%,,,
target+actual_bin,kpx_group_2,catboost_quantile_0575_depth6,235,1462,0.16073871409028728,30-60%,,,
target+actual_bin,kpx_group_1,catboost_quantile_0575_depth6,163,1032,0.15794573643410853,1-5%,,,
target+actual_bin,kpx_group_3,catboost_quantile_055,68,438,0.1552511415525114,90-100%,,,
target+actual_bin,kpx_group_1,catboost_quantile_055,69,448,0.15401785714285715,80-90%,,,
target+actual_bin,kpx_group_3,catboost_quantile_0575_depth6,223,1448,0.15400552486187846,30-60%,,,
target+actual_bin,kpx_group_3,catboost_quantile_055,42,274,0.15328467153284672,80-90%,,,
target+actual_bin,kpx_group_1,catboost_quantile_0575_depth6,232,1554,0.1492921492921493,10-30%,,,
target+actual_bin,kpx_group_1,catboost_quantile_0575_depth6,284,2078,0.136669874879692,<1%,,,
target+actual_bin,kpx_group_1,catboost_quantile_055,52,392,0.1326530612244898,90-100%,,,
target+actual_bin,kpx_group_2,catboost_quantile_0575_depth6,269,2051,0.1311555338859093,<1%,,,
target+actual_bin,kpx_group_3,catboost_quantile_060_depth6,261,2511,0.1039426523297491,<1%,,,
target+actual_bin,kpx_group_2,catboost_quantile_060_depth6,213,2051,0.10385177961969771,<1%,,,
target+actual_bin,kpx_group_1,catboost_quantile_060_depth6,196,2078,0.09432146294513956,<1%,,,
target+actual_bin,kpx_group_3,lgbm_l1_baseline,24,274,0.08759124087591241,80-90%,,,
target+actual_bin,kpx_group_3,lgbm_l1_baseline,27,438,0.06164383561643835,90-100%,,,
target+actual_bin,kpx_group_1,current_anchor,25,448,0.05580357142857143,80-90%,,,
target+actual_bin,kpx_group_3,current_anchor,54,1020,0.052941176470588235,1-5%,,,
target+actual_bin,kpx_group_3,current_anchor,47,899,0.05228031145717464,60-80%,,,
target+actual_bin,kpx_group_2,current_anchor,54,1056,0.05113636363636364,1-5%,,,
target+actual_bin,kpx_group_1,current_anchor,17,392,0.04336734693877551,90-100%,,,
target+actual_bin,kpx_group_2,current_anchor,48,1125,0.042666666666666665,60-80%,,,
target+actual_bin,kpx_group_1,current_anchor,43,1032,0.041666666666666664,1-5%,,,
target+actual_bin,kpx_group_3,current_anchor,28,681,0.041116005873715125,5-10%,,,
target+actual_bin,kpx_group_1,current_anchor,44,1111,0.039603960396039604,60-80%,,,
target+actual_bin,kpx_group_2,current_anchor,23,598,0.038461538461538464,80-90%,,,
target+actual_bin,kpx_group_3,current_anchor,54,1507,0.035832780358327807,10-30%,,,
target+actual_bin,kpx_group_2,current_anchor,24,695,0.034532374100719423,5-10%,,,
target+actual_bin,kpx_group_1,current_anchor,23,679,0.033873343151693665,5-10%,,,
target+actual_bin,kpx_group_2,current_anchor,49,1462,0.033515731874145006,30-60%,,,
target+actual_bin,kpx_group_1,current_anchor,52,1554,0.03346203346203346,10-30%,,,
target+actual_bin,kpx_group_1,current_anchor,48,1484,0.03234501347708895,30-60%,,,
target+actual_bin,kpx_group_3,current_anchor,45,1448,0.031077348066298343,30-60%,,,
target+actual_bin,kpx_group_2,current_anchor,11,355,0.030985915492957747,90-100%,,,
target+actual_bin,kpx_group_2,current_anchor,42,1436,0.02924791086350975,10-30%,,,
target+actual_bin,kpx_group_3,current_anchor,63,2511,0.025089605734767026,<1%,,,
target+actual_bin,kpx_group_2,current_anchor,32,2051,0.015602145294978059,<1%,,,
target+actual_bin,kpx_group_3,current_anchor,4,274,0.014598540145985401,80-90%,,,
target+actual_bin,kpx_group_1,current_anchor,30,2078,0.014436958614051972,<1%,,,
target+high_generation_flag,kpx_group_3,catboost_quantile_060_depth6,378,712,0.5308988764044944,,,,True
target+high_generation_flag,kpx_group_2,lgbm_l1_baseline,3267,7831,0.4171880985825565,,,,False
target+high_generation_flag,kpx_group_1,lgbm_l1_baseline,3302,7944,0.41565961732124873,,,,False
target+high_generation_flag,kpx_group_3,lgbm_l1_baseline,3112,8072,0.3855302279484638,,,,False
target+high_generation_flag,kpx_group_1,catboost_quantile_060_depth6,321,840,0.3821428571428571,,,,True
target+high_generation_flag,kpx_group_2,catboost_quantile_060_depth6,303,953,0.3179433368310598,,,,True
target+high_generation_flag,kpx_group_2,lgbm_l1_baseline,265,953,0.2780692549842602,,,,True
target+high_generation_flag,kpx_group_3,catboost_quantile_0575_depth6,169,712,0.23735955056179775,,,,True
target+high_generation_flag,kpx_group_1,lgbm_l1_baseline,180,840,0.21428571428571427,,,,True
target+high_generation_flag,kpx_group_3,catboost_quantile_055,1710,8072,0.2118434093161546,,,,False
target+high_generation_flag,kpx_group_1,catboost_quantile_0575_depth6,176,840,0.20952380952380953,,,,True
target+high_generation_flag,kpx_group_2,catboost_quantile_055,1639,7831,0.20929638615757884,,,,False
target+high_generation_flag,kpx_group_1,catboost_quantile_055,1632,7944,0.2054380664652568,,,,False
target+high_generation_flag,kpx_group_2,catboost_quantile_0575_depth6,188,953,0.19727177334732424,,,,True
target+high_generation_flag,kpx_group_1,catboost_quantile_060_depth6,1506,7944,0.18957703927492447,,,,False
target+high_generation_flag,kpx_group_3,catboost_quantile_0575_depth6,1484,8072,0.1838453914767096,,,,False
target+high_generation_flag,kpx_group_3,catboost_quantile_060_depth6,1469,8072,0.18198711595639247,,,,False
target+high_generation_flag,kpx_group_2,catboost_quantile_060_depth6,1370,7831,0.17494572851487677,,,,False
target+high_generation_flag,kpx_group_2,catboost_quantile_055,163,953,0.17103882476390347,,,,True
target+high_generation_flag,kpx_group_2,catboost_quantile_0575_depth6,1300,7831,0.16600689567105095,,,,False
target+high_generation_flag,kpx_group_1,catboost_quantile_0575_depth6,1258,7944,0.15835850956696879,,,,False
target+high_generation_flag,kpx_group_3,catboost_quantile_055,110,712,0.1544943820224719,,,,True
target+high_generation_flag,kpx_group_1,catboost_quantile_055,121,840,0.14404761904761904,,,,True
target+high_generation_flag,kpx_group_3,lgbm_l1_baseline,51,712,0.07162921348314606,,,,True
target+high_generation_flag,kpx_group_1,current_anchor,42,840,0.05,,,,True
target+high_generation_flag,kpx_group_3,current_anchor,291,8072,0.036050545094152626,,,,False
target+high_generation_flag,kpx_group_2,current_anchor,34,953,0.035676810073452254,,,,True
target+high_generation_flag,kpx_group_2,current_anchor,249,7831,0.03179670540160899,,,,False
target+high_generation_flag,kpx_group_1,current_anchor,240,7944,0.030211480362537766,,,,False
target+high_generation_flag,kpx_group_3,current_anchor,4,712,0.0056179775280898875,,,,True
target+high_generation_flag,kpx_group_2,no_actual,6,7831,0.0007661856723279274,,,,False
target+high_generation_flag,kpx_group_1,no_actual,6,7944,0.0007552870090634441,,,,False
target+high_generation_flag,kpx_group_3,no_actual,6,8072,0.0007433102081268583,,,,False
target+hour,kpx_group_2,lgbm_l1_baseline,167,366,0.4562841530054645,,,22.0,
target+hour,kpx_group_2,lgbm_l1_baseline,162,366,0.4426229508196721,,,1.0,
target+hour,kpx_group_1,lgbm_l1_baseline,159,366,0.4344262295081967,,,22.0,
target+hour,kpx_group_2,lgbm_l1_baseline,158,366,0.43169398907103823,,,4.0,
target+hour,kpx_group_2,lgbm_l1_baseline,158,366,0.43169398907103823,,,14.0,
target+hour,kpx_group_2,lgbm_l1_baseline,157,366,0.42896174863387976,,,8.0,
target+hour,kpx_group_1,lgbm_l1_baseline,156,366,0.4262295081967213,,,6.0,
target+hour,kpx_group_2,lgbm_l1_baseline,156,366,0.4262295081967213,,,0.0,
target+hour,kpx_group_2,lgbm_l1_baseline,156,366,0.4262295081967213,,,5.0,
target+hour,kpx_group_2,lgbm_l1_baseline,155,366,0.42349726775956287,,,15.0,
target+hour,kpx_group_1,lgbm_l1_baseline,153,366,0.4180327868852459,,,19.0,
target+hour,kpx_group_3,lgbm_l1_baseline,153,366,0.4180327868852459,,,18.0,
target+hour,kpx_group_2,lgbm_l1_baseline,152,366,0.41530054644808745,,,13.0,
target+hour,kpx_group_1,lgbm_l1_baseline,151,366,0.412568306010929,,,1.0,
target+hour,kpx_group_2,lgbm_l1_baseline,151,366,0.412568306010929,,,2.0,
target+hour,kpx_group_2,lgbm_l1_baseline,151,366,0.412568306010929,,,17.0,
target+hour,kpx_group_1,lgbm_l1_baseline,150,366,0.4098360655737705,,,0.0,
target+hour,kpx_group_1,lgbm_l1_baseline,150,366,0.4098360655737705,,,15.0,
target+hour,kpx_group_1,lgbm_l1_baseline,149,366,0.40710382513661203,,,13.0,
target+hour,kpx_group_1,lgbm_l1_baseline,149,366,0.40710382513661203,,,14.0,
target+hour,kpx_group_2,lgbm_l1_baseline,149,366,0.40710382513661203,,,7.0,
target+hour,kpx_group_1,lgbm_l1_baseline,148,366,0.40437158469945356,,,4.0,
target+hour,kpx_group_1,lgbm_l1_baseline,148,366,0.40437158469945356,,,17.0,
target+hour,kpx_group_1,lgbm_l1_baseline,147,366,0.4016393442622951,,,18.0,
target+hour,kpx_group_1,lgbm_l1_baseline,146,366,0.3989071038251366,,,7.0,
target+hour,kpx_group_1,lgbm_l1_baseline,146,366,0.3989071038251366,,,20.0,
target+hour,kpx_group_1,lgbm_l1_baseline,146,366,0.3989071038251366,,,23.0,
target+hour,kpx_group_2,lgbm_l1_baseline,146,366,0.3989071038251366,,,23.0,
target+hour,kpx_group_1,lgbm_l1_baseline,145,366,0.39617486338797814,,,16.0,
target+hour,kpx_group_2,lgbm_l1_baseline,145,366,0.39617486338797814,,,19.0,
target+hour,kpx_group_1,lgbm_l1_baseline,144,366,0.39344262295081966,,,2.0,
target+hour,kpx_group_2,lgbm_l1_baseline,144,366,0.39344262295081966,,,18.0,
target+hour,kpx_group_3,lgbm_l1_baseline,144,366,0.39344262295081966,,,2.0,
target+hour,kpx_group_2,lgbm_l1_baseline,143,366,0.3907103825136612,,,3.0,
target+hour,kpx_group_3,lgbm_l1_baseline,143,366,0.3907103825136612,,,16.0,
target+hour,kpx_group_1,lgbm_l1_baseline,142,366,0.3879781420765027,,,5.0,
target+hour,kpx_group_2,lgbm_l1_baseline,142,366,0.3879781420765027,,,16.0,
target+hour,kpx_group_3,lgbm_l1_baseline,142,366,0.3879781420765027,,,4.0,
target+hour,kpx_group_1,lgbm_l1_baseline,141,366,0.38524590163934425,,,21.0,
target+hour,kpx_group_2,lgbm_l1_baseline,141,366,0.38524590163934425,,,6.0,
target+hour,kpx_group_1,lgbm_l1_baseline,140,366,0.3825136612021858,,,8.0,
target+hour,kpx_group_2,lgbm_l1_baseline,140,366,0.3825136612021858,,,21.0,
target+hour,kpx_group_3,lgbm_l1_baseline,140,366,0.3825136612021858,,,19.0,
target+hour,kpx_group_3,lgbm_l1_baseline,139,366,0.3797814207650273,,,3.0,
target+hour,kpx_group_2,lgbm_l1_baseline,138,366,0.3770491803278688,,,9.0,
target+hour,kpx_group_1,lgbm_l1_baseline,137,366,0.3743169398907104,,,3.0,
target+hour,kpx_group_1,lgbm_l1_baseline,137,366,0.3743169398907104,,,12.0,
target+hour,kpx_group_3,lgbm_l1_baseline,136,366,0.37158469945355194,,,17.0,
target+hour,kpx_group_3,lgbm_l1_baseline,136,366,0.37158469945355194,,,22.0,
target+hour,kpx_group_1,lgbm_l1_baseline,135,366,0.36885245901639346,,,10.0,
target+hour,kpx_group_2,lgbm_l1_baseline,134,366,0.366120218579235,,,12.0,
target+hour,kpx_group_3,lgbm_l1_baseline,134,366,0.366120218579235,,,1.0,
target+hour,kpx_group_3,lgbm_l1_baseline,134,366,0.366120218579235,,,13.0,
target+hour,kpx_group_3,lgbm_l1_baseline,133,366,0.3633879781420765,,,10.0,
target+hour,kpx_group_1,lgbm_l1_baseline,132,366,0.36065573770491804,,,9.0,
target+hour,kpx_group_2,lgbm_l1_baseline,132,366,0.36065573770491804,,,20.0,
target+hour,kpx_group_3,lgbm_l1_baseline,132,366,0.36065573770491804,,,8.0,
target+hour,kpx_group_1,lgbm_l1_baseline,131,366,0.35792349726775957,,,11.0,
target+hour,kpx_group_2,lgbm_l1_baseline,131,366,0.35792349726775957,,,11.0,
target+hour,kpx_group_3,lgbm_l1_baseline,131,366,0.35792349726775957,,,15.0,
target+hour,kpx_group_3,lgbm_l1_baseline,130,366,0.3551912568306011,,,20.0,
target+hour,kpx_group_3,lgbm_l1_baseline,129,366,0.3524590163934426,,,7.0,
target+hour,kpx_group_3,lgbm_l1_baseline,129,366,0.3524590163934426,,,14.0,
target+hour,kpx_group_3,lgbm_l1_baseline,127,366,0.3469945355191257,,,9.0,
target+hour,kpx_group_3,lgbm_l1_baseline,127,366,0.3469945355191257,,,23.0,
target+hour,kpx_group_3,lgbm_l1_baseline,126,366,0.3442622950819672,,,5.0,
target+hour,kpx_group_3,lgbm_l1_baseline,125,366,0.34153005464480873,,,12.0,
target+hour,kpx_group_2,lgbm_l1_baseline,124,366,0.33879781420765026,,,10.0,
target+hour,kpx_group_3,lgbm_l1_baseline,123,366,0.3360655737704918,,,0.0,
target+hour,kpx_group_3,lgbm_l1_baseline,123,366,0.3360655737704918,,,21.0,
target+hour,kpx_group_3,lgbm_l1_baseline,116,366,0.31693989071038253,,,11.0,
target+hour,kpx_group_3,lgbm_l1_baseline,111,366,0.30327868852459017,,,6.0,
target+hour,kpx_group_2,catboost_quantile_055,100,366,0.273224043715847,,,6.0,
target+hour,kpx_group_1,catboost_quantile_060_depth6,94,366,0.2568306010928962,,,20.0,
target+hour,kpx_group_3,catboost_quantile_060_depth6,94,366,0.2568306010928962,,,7.0,
target+hour,kpx_group_1,catboost_quantile_055,93,366,0.2540983606557377,,,14.0,
target+hour,kpx_group_3,catboost_quantile_060_depth6,93,366,0.2540983606557377,,,23.0,
target+hour,kpx_group_3,catboost_quantile_060_depth6,91,366,0.24863387978142076,,,6.0,
target+hour,kpx_group_3,catboost_quantile_055,91,366,0.24863387978142076,,,19.0,
target+hour,kpx_group_2,catboost_quantile_055,90,366,0.2459016393442623,,,10.0,
target+hour,kpx_group_2,catboost_quantile_055,90,366,0.2459016393442623,,,16.0,
target+hour,kpx_group_1,catboost_quantile_055,89,366,0.24316939890710382,,,13.0,
target+hour,kpx_group_2,catboost_quantile_055,89,366,0.24316939890710382,,,12.0,
target+hour,kpx_group_2,catboost_quantile_055,88,366,0.24043715846994534,,,18.0,
target+hour,kpx_group_1,catboost_quantile_060_depth6,87,366,0.23770491803278687,,,1.0,
target+hour,kpx_group_1,catboost_quantile_060_depth6,86,366,0.23497267759562843,,,0.0,
target+hour,kpx_group_1,catboost_quantile_060_depth6,86,366,0.23497267759562843,,,3.0,
target+hour,kpx_group_1,catboost_quantile_055,86,366,0.23497267759562843,,,12.0,
target+hour,kpx_group_1,catboost_quantile_060_depth6,85,366,0.23224043715846995,,,7.0,
target+hour,kpx_group_1,catboost_quantile_060_depth6,85,366,0.23224043715846995,,,10.0,
target+hour,kpx_group_2,catboost_quantile_055,85,366,0.23224043715846995,,,11.0,
target+hour,kpx_group_3,catboost_quantile_060_depth6,85,366,0.23224043715846995,,,20.0,
target+hour,kpx_group_1,catboost_quantile_060_depth6,84,366,0.22950819672131148,,,5.0,
target+hour,kpx_group_2,catboost_quantile_055,84,366,0.22950819672131148,,,19.0,
target+hour,kpx_group_3,catboost_quantile_055,84,366,0.22950819672131148,,,6.0,
target+hour,kpx_group_1,catboost_quantile_055,83,366,0.226775956284153,,,4.0,
target+hour,kpx_group_1,catboost_quantile_060_depth6,83,366,0.226775956284153,,,21.0,
target+hour,kpx_group_2,catboost_quantile_060_depth6,83,366,0.226775956284153,,,23.0,
target+hour,kpx_group_3,catboost_quantile_055,83,366,0.226775956284153,,,0.0,
target+hour,kpx_group_3,catboost_quantile_060_depth6,83,366,0.226775956284153,,,0.0,
target+hour,kpx_group_3,catboost_quantile_060_depth6,83,366,0.226775956284153,,,10.0,
target+hour,kpx_group_3,catboost_quantile_055,83,366,0.226775956284153,,,14.0,
target+hour,kpx_group_3,catboost_quantile_055,83,366,0.226775956284153,,,17.0,
target+hour,kpx_group_1,catboost_quantile_055,82,366,0.22404371584699453,,,17.0,
target+hour,kpx_group_2,catboost_quantile_055,82,366,0.22404371584699453,,,9.0,
target+hour,kpx_group_2,catboost_quantile_055,82,366,0.22404371584699453,,,20.0,
target+hour,kpx_group_3,catboost_quantile_0575_depth6,82,366,0.22404371584699453,,,11.0,
target+hour,kpx_group_3,catboost_quantile_060_depth6,82,366,0.22404371584699453,,,21.0,
target+hour,kpx_group_3,catboost_quantile_060_depth6,82,366,0.22404371584699453,,,22.0,
target+hour,kpx_group_1,catboost_quantile_060_depth6,81,366,0.22131147540983606,,,8.0,
target+hour,kpx_group_1,catboost_quantile_060_depth6,81,366,0.22131147540983606,,,23.0,
target+hour,kpx_group_2,catboost_quantile_055,81,366,0.22131147540983606,,,14.0,
target+hour,kpx_group_3,catboost_quantile_055,81,366,0.22131147540983606,,,11.0,
target+hour,kpx_group_3,catboost_quantile_055,81,366,0.22131147540983606,,,16.0,
target+hour,kpx_group_3,catboost_quantile_060_depth6,80,366,0.2185792349726776,,,1.0,
target+hour,kpx_group_3,catboost_quantile_060_depth6,80,366,0.2185792349726776,,,2.0,
target+hour,kpx_group_3,catboost_quantile_055,80,366,0.2185792349726776,,,9.0,
target+hour,kpx_group_3,catboost_quantile_055,80,366,0.2185792349726776,,,18.0,
target+hour,kpx_group_3,catboost_quantile_060_depth6,79,366,0.21584699453551912,,,3.0,
target+hour,kpx_group_3,catboost_quantile_060_depth6,79,366,0.21584699453551912,,,11.0,
target+hour,kpx_group_3,catboost_quantile_060_depth6,79,366,0.21584699453551912,,,12.0,
target+hour,kpx_group_3,catboost_quantile_0575_depth6,79,366,0.21584699453551912,,,14.0,
target+hour,kpx_group_3,catboost_quantile_0575_depth6,79,366,0.21584699453551912,,,15.0,
target+hour,kpx_group_1,catboost_quantile_055,78,366,0.21311475409836064,,,2.0,
target+hour,kpx_group_1,catboost_quantile_060_depth6,78,366,0.21311475409836064,,,2.0,
target+hour,kpx_group_1,catboost_quantile_0575_depth6,78,366,0.21311475409836064,,,9.0,
target+hour,kpx_group_1,catboost_quantile_060_depth6,78,366,0.21311475409836064,,,11.0,
target+hour,kpx_group_2,catboost_quantile_060_depth6,78,366,0.21311475409836064,,,10.0,
target+hour,kpx_group_2,catboost_quantile_055,78,366,0.21311475409836064,,,15.0,
target+hour,kpx_group_2,catboost_quantile_055,78,366,0.21311475409836064,,,21.0,
target+hour,kpx_group_3,catboost_quantile_060_depth6,78,366,0.21311475409836064,,,4.0,
target+hour,kpx_group_3,catboost_quantile_0575_depth6,78,366,0.21311475409836064,,,5.0,
target+hour,kpx_group_3,catboost_quantile_055,78,366,0.21311475409836064,,,15.0,
target+hour,kpx_group_1,catboost_quantile_060_depth6,77,366,0.2103825136612022,,,6.0,
target+hour,kpx_group_1,catboost_quantile_055,77,366,0.2103825136612022,,,15.0,
target+hour,kpx_group_2,catboost_quantile_060_depth6,77,366,0.2103825136612022,,,1.0,
target+hour,kpx_group_2,catboost_quantile_060_depth6,77,366,0.2103825136612022,,,12.0,
target+hour,kpx_group_2,catboost_quantile_055,77,366,0.2103825136612022,,,13.0,
target+hour,kpx_group_3,catboost_quantile_060_depth6,77,366,0.2103825136612022,,,5.0,
target+hour,kpx_group_3,catboost_quantile_055,77,366,0.2103825136612022,,,8.0,
target+hour,kpx_group_3,catboost_quantile_055,77,366,0.2103825136612022,,,21.0,
target+hour,kpx_group_1,catboost_quantile_055,76,366,0.20765027322404372,,,16.0,
target+hour,kpx_group_1,catboost_quantile_055,76,366,0.20765027322404372,,,19.0,
target+hour,kpx_group_2,catboost_quantile_060_depth6,76,366,0.20765027322404372,,,2.0,
target+hour,kpx_group_2,catboost_quantile_060_depth6,76,366,0.20765027322404372,,,3.0,
target+hour,kpx_group_2,catboost_quantile_060_depth6,76,366,0.20765027322404372,,,8.0,
target+hour,kpx_group_3,catboost_quantile_055,76,366,0.20765027322404372,,,13.0,
target+hour,kpx_group_1,catboost_quantile_060_depth6,75,366,0.20491803278688525,,,9.0,
target+hour,kpx_group_1,catboost_quantile_060_depth6,75,366,0.20491803278688525,,,17.0,
target+hour,kpx_group_2,catboost_quantile_060_depth6,75,366,0.20491803278688525,,,7.0,
target+hour,kpx_group_2,catboost_quantile_0575_depth6,75,366,0.20491803278688525,,,17.0,
target+hour,kpx_group_3,catboost_quantile_0575_depth6,75,366,0.20491803278688525,,,4.0,
target+hour,kpx_group_3,catboost_quantile_0575_depth6,75,366,0.20491803278688525,,,12.0,
target+hour,kpx_group_3,catboost_quantile_055,75,366,0.20491803278688525,,,20.0,
target+hour,kpx_group_1,catboost_quantile_055,74,366,0.20218579234972678,,,1.0,
target+hour,kpx_group_1,catboost_quantile_055,74,366,0.20218579234972678,,,9.0,
target+hour,kpx_group_1,catboost_quantile_060_depth6,74,366,0.20218579234972678,,,18.0,
target+hour,kpx_group_1,catboost_quantile_055,74,366,0.20218579234972678,,,21.0,
target+hour,kpx_group_2,catboost_quantile_060_depth6,74,366,0.20218579234972678,,,6.0,
target+hour,kpx_group_2,catboost_quantile_060_depth6,74,366,0.20218579234972678,,,9.0,
target+hour,kpx_group_2,catboost_quantile_0575_depth6,74,366,0.20218579234972678,,,11.0,
target+hour,kpx_group_2,catboost_quantile_0575_depth6,74,366,0.20218579234972678,,,19.0,
target+hour,kpx_group_2,catboost_quantile_0575_depth6,74,366,0.20218579234972678,,,23.0,
target+hour,kpx_group_3,catboost_quantile_0575_depth6,74,366,0.20218579234972678,,,9.0,
target+hour,kpx_group_3,catboost_quantile_060_depth6,74,366,0.20218579234972678,,,13.0,
target+hour,kpx_group_3,catboost_quantile_0575_depth6,74,366,0.20218579234972678,,,21.0,
target+hour,kpx_group_1,catboost_quantile_060_depth6,73,366,0.1994535519125683,,,19.0,
target+hour,kpx_group_3,catboost_quantile_055,73,366,0.1994535519125683,,,5.0,
target+hour,kpx_group_3,catboost_quantile_060_depth6,73,366,0.1994535519125683,,,8.0,
target+hour,kpx_group_3,catboost_quantile_055,73,366,0.1994535519125683,,,10.0,
target+hour,kpx_group_1,catboost_quantile_055,72,366,0.19672131147540983,,,11.0,
target+hour,kpx_group_1,catboost_quantile_0575_depth6,72,366,0.19672131147540983,,,16.0,
target+hour,kpx_group_1,catboost_quantile_055,72,366,0.19672131147540983,,,20.0,
target+hour,kpx_group_2,catboost_quantile_060_depth6,72,366,0.19672131147540983,,,5.0,
target+hour,kpx_group_2,catboost_quantile_060_depth6,72,366,0.19672131147540983,,,13.0,
target+hour,kpx_group_3,catboost_quantile_0575_depth6,72,366,0.19672131147540983,,,3.0,
target+hour,kpx_group_1,catboost_quantile_0575_depth6,71,366,0.19398907103825136,,,8.0,
target+hour,kpx_group_1,catboost_quantile_060_depth6,71,366,0.19398907103825136,,,22.0,
target+hour,kpx_group_2,catboost_quantile_060_depth6,71,366,0.19398907103825136,,,21.0,
target+hour,kpx_group_3,catboost_quantile_055,71,366,0.19398907103825136,,,1.0,
target+hour,kpx_group_3,catboost_quantile_0575_depth6,71,366,0.19398907103825136,,,1.0,
target+hour,kpx_group_3,catboost_quantile_0575_depth6,71,366,0.19398907103825136,,,6.0,
target+hour,kpx_group_3,catboost_quantile_055,71,366,0.19398907103825136,,,12.0,
target+hour,kpx_group_3,catboost_quantile_0575_depth6,71,366,0.19398907103825136,,,17.0,
target+hour,kpx_group_3,catboost_quantile_0575_depth6,71,366,0.19398907103825136,,,22.0,
target+hour,kpx_group_3,catboost_quantile_0575_depth6,71,366,0.19398907103825136,,,23.0,
target+hour,kpx_group_1,catboost_quantile_060_depth6,70,366,0.1912568306010929,,,4.0,
target+hour,kpx_group_2,catboost_quantile_055,70,366,0.1912568306010929,,,1.0,
target+hour,kpx_group_2,catboost_quantile_055,70,366,0.1912568306010929,,,3.0,
target+hour,kpx_group_2,catboost_quantile_0575_depth6,70,366,0.1912568306010929,,,7.0,
target+hour,kpx_group_2,catboost_quantile_0575_depth6,70,366,0.1912568306010929,,,20.0,
target+hour,kpx_group_3,catboost_quantile_055,70,366,0.1912568306010929,,,2.0,
target+hour,kpx_group_3,catboost_quantile_055,70,366,0.1912568306010929,,,7.0,
target+hour,kpx_group_3,catboost_quantile_060_depth6,70,366,0.1912568306010929,,,9.0,
target+hour,kpx_group_3,catboost_quantile_060_depth6,70,366,0.1912568306010929,,,16.0,
target+hour,kpx_group_3,catboost_quantile_055,70,366,0.1912568306010929,,,23.0,
target+hour,kpx_group_1,catboost_quantile_055,69,366,0.1885245901639344,,,3.0,
target+hour,kpx_group_1,catboost_quantile_055,69,366,0.1885245901639344,,,7.0,
target+hour,kpx_group_1,catboost_quantile_055,68,366,0.18579234972677597,,,23.0,
target+hour,kpx_group_2,catboost_quantile_055,68,366,0.18579234972677597,,,4.0,
target+hour,kpx_group_2,catboost_quantile_060_depth6,68,366,0.18579234972677597,,,16.0,
target+hour,kpx_group_2,catboost_quantile_060_depth6,68,366,0.18579234972677597,,,20.0,
target+hour,kpx_group_3,catboost_quantile_0575_depth6,68,366,0.18579234972677597,,,8.0,
target+hour,kpx_group_1,catboost_quantile_0575_depth6,67,366,0.1830601092896175,,,10.0,
target+hour,kpx_group_1,catboost_quantile_0575_depth6,67,366,0.1830601092896175,,,11.0,
target+hour,kpx_group_1,catboost_quantile_0575_depth6,67,366,0.1830601092896175,,,12.0,
target+hour,kpx_group_1,catboost_quantile_055,67,366,0.1830601092896175,,,22.0,
target+hour,kpx_group_2,catboost_quantile_060_depth6,67,366,0.1830601092896175,,,0.0,
target+hour,kpx_group_2,catboost_quantile_0575_depth6,67,366,0.1830601092896175,,,9.0,
target+hour,kpx_group_3,catboost_quantile_0575_depth6,67,366,0.1830601092896175,,,10.0,
target+hour,kpx_group_1,catboost_quantile_055,66,366,0.18032786885245902,,,5.0,
target+hour,kpx_group_1,catboost_quantile_060_depth6,66,366,0.18032786885245902,,,12.0,
target+hour,kpx_group_1,catboost_quantile_0575_depth6,66,366,0.18032786885245902,,,18.0,
target+hour,kpx_group_2,catboost_quantile_0575_depth6,66,366,0.18032786885245902,,,0.0,
target+hour,kpx_group_2,catboost_quantile_055,66,366,0.18032786885245902,,,2.0,
target+hour,kpx_group_2,catboost_quantile_060_depth6,66,366,0.18032786885245902,,,17.0,
target+hour,kpx_group_3,catboost_quantile_0575_depth6,66,366,0.18032786885245902,,,0.0,
target+hour,kpx_group_3,catboost_quantile_0575_depth6,66,366,0.18032786885245902,,,20.0,
target+hour,kpx_group_2,catboost_quantile_0575_depth6,65,366,0.17759562841530055,,,2.0,
target+hour,kpx_group_2,catboost_quantile_0575_depth6,65,366,0.17759562841530055,,,10.0,
target+hour,kpx_group_3,catboost_quantile_060_depth6,65,366,0.17759562841530055,,,17.0,
target+hour,kpx_group_3,catboost_quantile_055,65,366,0.17759562841530055,,,22.0,
target+hour,kpx_group_1,catboost_quantile_055,64,366,0.17486338797814208,,,6.0,
target+hour,kpx_group_1,catboost_quantile_060_depth6,64,366,0.17486338797814208,,,16.0,
target+hour,kpx_group_2,catboost_quantile_055,64,366,0.17486338797814208,,,5.0,
target+hour,kpx_group_2,catboost_quantile_060_depth6,64,366,0.17486338797814208,,,15.0,
target+hour,kpx_group_2,catboost_quantile_060_depth6,64,366,0.17486338797814208,,,18.0,
target+hour,kpx_group_2,catboost_quantile_0575_depth6,64,366,0.17486338797814208,,,21.0,
target+hour,kpx_group_2,catboost_quantile_0575_depth6,64,366,0.17486338797814208,,,22.0,
target+hour,kpx_group_3,catboost_quantile_055,64,366,0.17486338797814208,,,3.0,
target+hour,kpx_group_3,catboost_quantile_055,64,366,0.17486338797814208,,,4.0,
target+hour,kpx_group_3,catboost_quantile_0575_depth6,64,366,0.17486338797814208,,,13.0,
target+hour,kpx_group_3,catboost_quantile_060_depth6,64,366,0.17486338797814208,,,15.0,
target+hour,kpx_group_3,catboost_quantile_060_depth6,64,366,0.17486338797814208,,,19.0,
target+hour,kpx_group_1,catboost_quantile_0575_depth6,63,366,0.1721311475409836,,,5.0,
target+hour,kpx_group_1,catboost_quantile_055,63,366,0.1721311475409836,,,18.0,
target+hour,kpx_group_2,catboost_quantile_0575_depth6,63,366,0.1721311475409836,,,3.0,
target+hour,kpx_group_2,catboost_quantile_0575_depth6,63,366,0.1721311475409836,,,4.0,
target+hour,kpx_group_3,catboost_quantile_060_depth6,63,366,0.1721311475409836,,,18.0,
target+hour,kpx_group_1,catboost_quantile_055,62,366,0.16939890710382513,,,10.0,
target+hour,kpx_group_1,catboost_quantile_060_depth6,62,366,0.16939890710382513,,,15.0,
target+hour,kpx_group_2,catboost_quantile_055,62,366,0.16939890710382513,,,0.0,
target+hour,kpx_group_2,catboost_quantile_055,62,366,0.16939890710382513,,,7.0,
target+hour,kpx_group_2,catboost_quantile_060_depth6,62,366,0.16939890710382513,,,14.0,
target+hour,kpx_group_1,catboost_quantile_0575_depth6,61,366,0.16666666666666666,,,14.0,
target+hour,kpx_group_1,catboost_quantile_0575_depth6,61,366,0.16666666666666666,,,15.0,
target+hour,kpx_group_1,catboost_quantile_0575_depth6,61,366,0.16666666666666666,,,22.0,
target+hour,kpx_group_2,catboost_quantile_060_depth6,61,366,0.16666666666666666,,,4.0,
target+hour,kpx_group_2,catboost_quantile_0575_depth6,61,366,0.16666666666666666,,,5.0,
target+hour,kpx_group_2,catboost_quantile_055,61,366,0.16666666666666666,,,8.0,
target+hour,kpx_group_2,catboost_quantile_055,61,366,0.16666666666666666,,,17.0,
target+hour,kpx_group_2,catboost_quantile_0575_depth6,61,366,0.16666666666666666,,,18.0,
target+hour,kpx_group_1,catboost_quantile_0575_depth6,60,366,0.16393442622950818,,,6.0,
target+hour,kpx_group_1,catboost_quantile_055,60,366,0.16393442622950818,,,8.0,
target+hour,kpx_group_2,catboost_quantile_060_depth6,60,366,0.16393442622950818,,,11.0,
target+hour,kpx_group_2,catboost_quantile_055,60,366,0.16393442622950818,,,22.0,
target+hour,kpx_group_3,catboost_quantile_0575_depth6,60,366,0.16393442622950818,,,2.0,
target+hour,kpx_group_1,catboost_quantile_055,59,366,0.16120218579234974,,,0.0,
target+hour,kpx_group_1,catboost_quantile_0575_depth6,59,366,0.16120218579234974,,,0.0,
target+hour,kpx_group_2,catboost_quantile_060_depth6,59,366,0.16120218579234974,,,22.0,
target+hour,kpx_group_3,catboost_quantile_060_depth6,59,366,0.16120218579234974,,,14.0,
target+hour,kpx_group_1,catboost_quantile_060_depth6,58,366,0.15846994535519127,,,13.0,
target+hour,kpx_group_1,catboost_quantile_0575_depth6,58,366,0.15846994535519127,,,23.0,
target+hour,kpx_group_2,catboost_quantile_0575_depth6,58,366,0.15846994535519127,,,8.0,
target+hour,kpx_group_3,catboost_quantile_0575_depth6,58,366,0.15846994535519127,,,16.0,
target+hour,kpx_group_1,catboost_quantile_0575_depth6,57,366,0.1557377049180328,,,2.0,
target+hour,kpx_group_3,catboost_quantile_0575_depth6,57,366,0.1557377049180328,,,7.0,
target+hour,kpx_group_1,catboost_quantile_0575_depth6,56,366,0.15300546448087432,,,3.0,
target+hour,kpx_group_1,catboost_quantile_0575_depth6,56,366,0.15300546448087432,,,7.0,
target+hour,kpx_group_1,catboost_quantile_0575_depth6,56,366,0.15300546448087432,,,13.0,
target+hour,kpx_group_1,catboost_quantile_0575_depth6,56,366,0.15300546448087432,,,17.0,
target+hour,kpx_group_2,catboost_quantile_0575_depth6,55,366,0.15027322404371585,,,13.0,
target+hour,kpx_group_2,catboost_quantile_0575_depth6,55,366,0.15027322404371585,,,16.0,
target+hour,kpx_group_1,catboost_quantile_060_depth6,54,366,0.14754098360655737,,,14.0,
target+hour,kpx_group_1,catboost_quantile_0575_depth6,54,366,0.14754098360655737,,,21.0,
target+hour,kpx_group_2,catboost_quantile_0575_depth6,54,366,0.14754098360655737,,,15.0,
target+hour,kpx_group_2,catboost_quantile_055,54,366,0.14754098360655737,,,23.0,
target+hour,kpx_group_1,catboost_quantile_0575_depth6,53,366,0.1448087431693989,,,4.0,
target+hour,kpx_group_2,catboost_quantile_060_depth6,53,366,0.1448087431693989,,,19.0,
target+hour,kpx_group_3,catboost_quantile_0575_depth6,53,366,0.1448087431693989,,,18.0,
target+hour,kpx_group_3,catboost_quantile_0575_depth6,51,366,0.13934426229508196,,,19.0,
target+hour,kpx_group_2,catboost_quantile_0575_depth6,49,366,0.13387978142076504,,,1.0,
target+hour,kpx_group_1,catboost_quantile_0575_depth6,48,366,0.13114754098360656,,,19.0,
target+hour,kpx_group_2,catboost_quantile_0575_depth6,47,366,0.1284153005464481,,,6.0,
target+hour,kpx_group_2,catboost_quantile_0575_depth6,47,366,0.1284153005464481,,,12.0,
target+hour,kpx_group_2,catboost_quantile_0575_depth6,47,366,0.1284153005464481,,,14.0,
target+hour,kpx_group_1,catboost_quantile_0575_depth6,45,366,0.12295081967213115,,,1.0,
target+hour,kpx_group_1,catboost_quantile_0575_depth6,42,366,0.11475409836065574,,,20.0,
target+hour,kpx_group_3,current_anchor,20,366,0.0546448087431694,,,19.0,
target+hour,kpx_group_1,current_anchor,18,366,0.04918032786885246,,,3.0,
target+hour,kpx_group_1,current_anchor,18,366,0.04918032786885246,,,11.0,
target+hour,kpx_group_1,current_anchor,17,366,0.04644808743169399,,,10.0,
target+hour,kpx_group_2,current_anchor,17,366,0.04644808743169399,,,12.0,
target+hour,kpx_group_3,current_anchor,17,366,0.04644808743169399,,,18.0,
target+hour,kpx_group_1,current_anchor,16,366,0.04371584699453552,,,15.0,
target+hour,kpx_group_1,current_anchor,16,366,0.04371584699453552,,,18.0,
target+hour,kpx_group_1,current_anchor,16,366,0.04371584699453552,,,19.0,
target+hour,kpx_group_2,current_anchor,16,366,0.04371584699453552,,,4.0,
target+hour,kpx_group_2,current_anchor,16,366,0.04371584699453552,,,11.0,
target+hour,kpx_group_2,current_anchor,16,366,0.04371584699453552,,,14.0,
target+hour,kpx_group_2,current_anchor,16,366,0.04371584699453552,,,22.0,
target+hour,kpx_group_3,current_anchor,16,366,0.04371584699453552,,,7.0,
target+hour,kpx_group_3,current_anchor,16,366,0.04371584699453552,,,8.0,
target+hour,kpx_group_3,current_anchor,16,366,0.04371584699453552,,,13.0,
target+hour,kpx_group_2,current_anchor,15,366,0.040983606557377046,,,0.0,
target+hour,kpx_group_2,current_anchor,15,366,0.040983606557377046,,,15.0,
target+hour,kpx_group_3,current_anchor,15,366,0.040983606557377046,,,9.0,
target+hour,kpx_group_1,current_anchor,14,366,0.03825136612021858,,,8.0,
target+hour,kpx_group_1,current_anchor,14,366,0.03825136612021858,,,21.0,
target+hour,kpx_group_2,current_anchor,14,366,0.03825136612021858,,,3.0,
target+hour,kpx_group_2,current_anchor,14,366,0.03825136612021858,,,8.0,
target+hour,kpx_group_2,current_anchor,14,366,0.03825136612021858,,,20.0,
target+hour,kpx_group_3,current_anchor,14,366,0.03825136612021858,,,12.0,
target+hour,kpx_group_3,current_anchor,14,366,0.03825136612021858,,,14.0,
target+hour,kpx_group_3,current_anchor,14,366,0.03825136612021858,,,15.0,
target+hour,kpx_group_3,current_anchor,14,366,0.03825136612021858,,,16.0,
target+hour,kpx_group_1,current_anchor,13,366,0.03551912568306011,,,23.0,
target+hour,kpx_group_2,current_anchor,13,366,0.03551912568306011,,,5.0,
target+hour,kpx_group_2,current_anchor,13,366,0.03551912568306011,,,17.0,
target+hour,kpx_group_2,current_anchor,13,366,0.03551912568306011,,,21.0,
target+hour,kpx_group_1,current_anchor,12,366,0.03278688524590164,,,0.0,
target+hour,kpx_group_1,current_anchor,12,366,0.03278688524590164,,,4.0,
target+hour,kpx_group_1,current_anchor,12,366,0.03278688524590164,,,13.0,
target+hour,kpx_group_1,current_anchor,12,366,0.03278688524590164,,,20.0,
target+hour,kpx_group_3,current_anchor,12,366,0.03278688524590164,,,2.0,
target+hour,kpx_group_3,current_anchor,12,366,0.03278688524590164,,,3.0,
target+hour,kpx_group_3,current_anchor,12,366,0.03278688524590164,,,5.0,
target+hour,kpx_group_3,current_anchor,12,366,0.03278688524590164,,,22.0,
target+hour,kpx_group_1,current_anchor,11,366,0.030054644808743168,,,5.0,
target+hour,kpx_group_2,current_anchor,11,366,0.030054644808743168,,,16.0,
target+hour,kpx_group_3,current_anchor,11,366,0.030054644808743168,,,0.0,
target+hour,kpx_group_3,current_anchor,11,366,0.030054644808743168,,,17.0,
target+hour,kpx_group_1,current_anchor,10,366,0.0273224043715847,,,7.0,
target+hour,kpx_group_2,current_anchor,10,366,0.0273224043715847,,,7.0,
target+hour,kpx_group_2,current_anchor,10,366,0.0273224043715847,,,19.0,
target+hour,kpx_group_3,current_anchor,10,366,0.0273224043715847,,,1.0,
target+hour,kpx_group_3,current_anchor,10,366,0.0273224043715847,,,10.0,
target+hour,kpx_group_3,current_anchor,10,366,0.0273224043715847,,,20.0,
target+hour,kpx_group_3,current_anchor,10,366,0.0273224043715847,,,21.0,
target+hour,kpx_group_1,current_anchor,9,366,0.02459016393442623,,,1.0,
target+hour,kpx_group_1,current_anchor,9,366,0.02459016393442623,,,2.0,
target+hour,kpx_group_1,current_anchor,9,366,0.02459016393442623,,,6.0,
target+hour,kpx_group_1,current_anchor,9,366,0.02459016393442623,,,16.0,
target+hour,kpx_group_2,current_anchor,9,366,0.02459016393442623,,,10.0,
target+hour,kpx_group_2,current_anchor,9,366,0.02459016393442623,,,18.0,
target+hour,kpx_group_2,current_anchor,9,366,0.02459016393442623,,,23.0,
target+hour,kpx_group_3,current_anchor,9,366,0.02459016393442623,,,6.0,
target+hour,kpx_group_1,current_anchor,8,366,0.02185792349726776,,,12.0,
target+hour,kpx_group_1,current_anchor,8,366,0.02185792349726776,,,22.0,
target+hour,kpx_group_2,current_anchor,8,366,0.02185792349726776,,,1.0,
target+hour,kpx_group_2,current_anchor,8,366,0.02185792349726776,,,2.0,
target+hour,kpx_group_2,current_anchor,8,366,0.02185792349726776,,,13.0,
target+hour,kpx_group_3,current_anchor,8,366,0.02185792349726776,,,11.0,
target+hour,kpx_group_1,current_anchor,7,366,0.01912568306010929,,,9.0,
target+hour,kpx_group_1,current_anchor,7,366,0.01912568306010929,,,14.0,
target+hour,kpx_group_3,current_anchor,7,366,0.01912568306010929,,,4.0,
target+hour,kpx_group_1,current_anchor,5,366,0.01366120218579235,,,17.0,
target+hour,kpx_group_2,current_anchor,5,366,0.01366120218579235,,,9.0,
target+hour,kpx_group_3,current_anchor,5,366,0.01366120218579235,,,23.0,
target+hour,kpx_group_2,current_anchor,4,366,0.01092896174863388,,,6.0,
target+hour,kpx_group_1,no_actual,2,366,0.00546448087431694,,,12.0,
target+hour,kpx_group_1,no_actual,2,366,0.00546448087431694,,,13.0,
target+hour,kpx_group_1,no_actual,2,366,0.00546448087431694,,,14.0,
target+hour,kpx_group_2,no_actual,2,366,0.00546448087431694,,,12.0,
target+hour,kpx_group_2,no_actual,2,366,0.00546448087431694,,,13.0,
target+hour,kpx_group_2,no_actual,2,366,0.00546448087431694,,,14.0,
target+hour,kpx_group_3,no_actual,2,366,0.00546448087431694,,,12.0,
target+hour,kpx_group_3,no_actual,2,366,0.00546448087431694,,,13.0,
target+hour,kpx_group_3,no_actual,2,366,0.00546448087431694,,,14.0,
target+month,kpx_group_1,lgbm_l1_baseline,359,744,0.4825268817204301,,1.0,,
target+month,kpx_group_1,lgbm_l1_baseline,325,696,0.46695402298850575,,2.0,,
target+month,kpx_group_2,lgbm_l1_baseline,340,744,0.45698924731182794,,5.0,,
target+month,kpx_group_2,lgbm_l1_baseline,338,744,0.4543010752688172,,1.0,,
target+month,kpx_group_2,lgbm_l1_baseline,338,744,0.4543010752688172,,3.0,,
target+month,kpx_group_2,lgbm_l1_baseline,294,696,0.4224137931034483,,2.0,,
target+month,kpx_group_1,lgbm_l1_baseline,302,720,0.41944444444444445,,6.0,,
target+month,kpx_group_1,lgbm_l1_baseline,309,744,0.4153225806451613,,3.0,,
target+month,kpx_group_2,lgbm_l1_baseline,302,744,0.40591397849462363,,10.0,,
target+month,kpx_group_2,lgbm_l1_baseline,301,744,0.40456989247311825,,7.0,,
target+month,kpx_group_3,lgbm_l1_baseline,289,720,0.4013888888888889,,9.0,,
target+month,kpx_group_2,lgbm_l1_baseline,287,720,0.39861111111111114,,9.0,,
target+month,kpx_group_1,lgbm_l1_baseline,296,744,0.3978494623655914,,7.0,,
target+month,kpx_group_3,lgbm_l1_baseline,294,744,0.3951612903225806,,12.0,,
target+month,kpx_group_1,lgbm_l1_baseline,281,720,0.3902777777777778,,11.0,,
target+month,kpx_group_1,lgbm_l1_baseline,279,720,0.3875,,4.0,,
target+month,kpx_group_1,lgbm_l1_baseline,288,744,0.3870967741935484,,5.0,,
target+month,kpx_group_2,lgbm_l1_baseline,277,720,0.38472222222222224,,6.0,,
target+month,kpx_group_1,lgbm_l1_baseline,274,720,0.38055555555555554,,9.0,,
target+month,kpx_group_3,lgbm_l1_baseline,273,720,0.37916666666666665,,11.0,,
target+month,kpx_group_2,lgbm_l1_baseline,280,744,0.3763440860215054,,8.0,,
target+month,kpx_group_1,lgbm_l1_baseline,279,744,0.375,,10.0,,
target+month,kpx_group_3,lgbm_l1_baseline,278,744,0.3736559139784946,,10.0,,
target+month,kpx_group_3,lgbm_l1_baseline,276,744,0.3709677419354839,,5.0,,
target+month,kpx_group_3,lgbm_l1_baseline,273,744,0.36693548387096775,,8.0,,
target+month,kpx_group_2,lgbm_l1_baseline,263,720,0.36527777777777776,,4.0,,
target+month,kpx_group_3,lgbm_l1_baseline,263,720,0.36527777777777776,,6.0,,
target+month,kpx_group_2,lgbm_l1_baseline,266,744,0.3575268817204301,,12.0,,
target+month,kpx_group_3,lgbm_l1_baseline,264,744,0.3548387096774194,,1.0,,
target+month,kpx_group_3,lgbm_l1_baseline,255,720,0.3541666666666667,,4.0,,
target+month,kpx_group_2,lgbm_l1_baseline,246,720,0.3416666666666667,,11.0,,
target+month,kpx_group_1,lgbm_l1_baseline,252,744,0.3387096774193548,,12.0,,
target+month,kpx_group_3,lgbm_l1_baseline,229,696,0.3290229885057471,,2.0,,
target+month,kpx_group_1,lgbm_l1_baseline,238,744,0.31989247311827956,,8.0,,
target+month,kpx_group_3,lgbm_l1_baseline,238,744,0.31989247311827956,,3.0,,
target+month,kpx_group_3,lgbm_l1_baseline,231,744,0.31048387096774194,,7.0,,
target+month,kpx_group_2,catboost_quantile_060_depth6,210,744,0.28225806451612906,,12.0,,
target+month,kpx_group_3,catboost_quantile_060_depth6,191,720,0.2652777777777778,,11.0,,
target+month,kpx_group_2,catboost_quantile_055,184,696,0.26436781609195403,,2.0,,
target+month,kpx_group_1,catboost_quantile_060_depth6,195,744,0.2620967741935484,,5.0,,
target+month,kpx_group_3,catboost_quantile_055,178,696,0.2557471264367816,,2.0,,
target+month,kpx_group_3,catboost_quantile_060_depth6,190,744,0.2553763440860215,,7.0,,
target+month,kpx_group_3,catboost_quantile_055,187,744,0.2513440860215054,,12.0,,
target+month,kpx_group_3,catboost_quantile_055,174,720,0.24166666666666667,,6.0,,
target+month,kpx_group_3,catboost_quantile_060_depth6,179,744,0.24059139784946237,,3.0,,
target+month,kpx_group_3,catboost_quantile_060_depth6,175,744,0.23521505376344087,,1.0,,
target+month,kpx_group_1,catboost_quantile_060_depth6,174,744,0.23387096774193547,,7.0,,
target+month,kpx_group_2,catboost_quantile_055,174,744,0.23387096774193547,,10.0,,
target+month,kpx_group_1,catboost_quantile_060_depth6,168,720,0.23333333333333334,,4.0,,
target+month,kpx_group_3,catboost_quantile_060_depth6,168,720,0.23333333333333334,,4.0,,
target+month,kpx_group_1,catboost_quantile_055,167,720,0.23194444444444445,,11.0,,
target+month,kpx_group_2,catboost_quantile_055,172,744,0.23118279569892472,,7.0,,
target+month,kpx_group_1,catboost_quantile_055,159,696,0.22844827586206898,,2.0,,
target+month,kpx_group_3,catboost_quantile_0575_depth6,167,744,0.22446236559139784,,8.0,,
target+month,kpx_group_2,catboost_quantile_055,161,720,0.22361111111111112,,11.0,,
target+month,kpx_group_1,catboost_quantile_060_depth6,166,744,0.22311827956989247,,10.0,,
target+month,kpx_group_1,catboost_quantile_060_depth6,165,744,0.2217741935483871,,8.0,,
target+month,kpx_group_1,catboost_quantile_055,159,720,0.22083333333333333,,6.0,,
target+month,kpx_group_3,catboost_quantile_0575_depth6,153,696,0.21982758620689655,,2.0,,
target+month,kpx_group_1,catboost_quantile_055,163,744,0.21908602150537634,,8.0,,
target+month,kpx_group_3,catboost_quantile_055,163,744,0.21908602150537634,,3.0,,
target+month,kpx_group_1,catboost_quantile_060_depth6,162,744,0.21774193548387097,,12.0,,
target+month,kpx_group_2,catboost_quantile_055,162,744,0.21774193548387097,,3.0,,
target+month,kpx_group_3,catboost_quantile_060_depth6,162,744,0.21774193548387097,,5.0,,
target+month,kpx_group_3,catboost_quantile_0575_depth6,160,744,0.21505376344086022,,10.0,,
target+month,kpx_group_3,catboost_quantile_060_depth6,160,744,0.21505376344086022,,10.0,,
target+month,kpx_group_1,catboost_quantile_060_depth6,159,744,0.21370967741935484,,3.0,,
target+month,kpx_group_1,catboost_quantile_0575_depth6,158,744,0.21236559139784947,,8.0,,
target+month,kpx_group_1,catboost_quantile_055,158,744,0.21236559139784947,,12.0,,
target+month,kpx_group_3,catboost_quantile_0575_depth6,158,744,0.21236559139784947,,5.0,,
target+month,kpx_group_3,catboost_quantile_055,157,744,0.2110215053763441,,1.0,,
target+month,kpx_group_2,catboost_quantile_055,151,720,0.20972222222222223,,4.0,,
target+month,kpx_group_2,catboost_quantile_060_depth6,151,720,0.20972222222222223,,4.0,,
target+month,kpx_group_2,catboost_quantile_060_depth6,151,720,0.20972222222222223,,11.0,,
target+month,kpx_group_3,catboost_quantile_055,154,744,0.20698924731182797,,8.0,,
target+month,kpx_group_2,catboost_quantile_055,153,744,0.2056451612903226,,1.0,,
target+month,kpx_group_1,catboost_quantile_060_depth6,148,720,0.20555555555555555,,9.0,,
target+month,kpx_group_1,catboost_quantile_055,152,744,0.20430107526881722,,10.0,,
target+month,kpx_group_2,catboost_quantile_0575_depth6,147,720,0.20416666666666666,,9.0,,
target+month,kpx_group_2,catboost_quantile_060_depth6,151,744,0.20295698924731181,,8.0,,
target+month,kpx_group_3,catboost_quantile_055,146,720,0.20277777777777778,,9.0,,
target+month,kpx_group_3,catboost_quantile_0575_depth6,145,720,0.2013888888888889,,9.0,,
target+month,kpx_group_1,catboost_quantile_060_depth6,143,720,0.1986111111111111,,11.0,,
target+month,kpx_group_2,catboost_quantile_055,143,720,0.1986111111111111,,6.0,,
target+month,kpx_group_2,catboost_quantile_055,147,744,0.1975806451612903,,8.0,,
target+month,kpx_group_3,catboost_quantile_055,147,744,0.1975806451612903,,7.0,,
target+month,kpx_group_3,catboost_quantile_0575_depth6,147,744,0.1975806451612903,,7.0,,
target+month,kpx_group_2,catboost_quantile_0575_depth6,142,720,0.19722222222222222,,11.0,,
target+month,kpx_group_3,catboost_quantile_055,142,720,0.19722222222222222,,4.0,,
target+month,kpx_group_2,catboost_quantile_060_depth6,145,744,0.19489247311827956,,5.0,,
target+month,kpx_group_2,catboost_quantile_060_depth6,140,720,0.19444444444444445,,6.0,,
target+month,kpx_group_2,catboost_quantile_0575_depth6,142,744,0.19086021505376344,,8.0,,
target+month,kpx_group_1,catboost_quantile_055,141,744,0.18951612903225806,,3.0,,
target+month,kpx_group_1,catboost_quantile_055,136,720,0.18888888888888888,,4.0,,
target+month,kpx_group_1,catboost_quantile_0575_depth6,139,744,0.1868279569892473,,12.0,,
target+month,kpx_group_2,catboost_quantile_060_depth6,134,720,0.18611111111111112,,9.0,,
target+month,kpx_group_1,catboost_quantile_055,133,720,0.18472222222222223,,9.0,,
target+month,kpx_group_2,catboost_quantile_0575_depth6,133,720,0.18472222222222223,,6.0,,
target+month,kpx_group_1,catboost_quantile_0575_depth6,132,720,0.18333333333333332,,9.0,,
target+month,kpx_group_1,catboost_quantile_055,134,744,0.18010752688172044,,7.0,,
target+month,kpx_group_2,catboost_quantile_060_depth6,134,744,0.18010752688172044,,10.0,,
target+month,kpx_group_3,catboost_quantile_0575_depth6,129,720,0.17916666666666667,,6.0,,
target+month,kpx_group_3,catboost_quantile_055,129,720,0.17916666666666667,,11.0,,
target+month,kpx_group_3,catboost_quantile_060_depth6,124,696,0.1781609195402299,,2.0,,
target+month,kpx_group_1,catboost_quantile_060_depth6,128,720,0.17777777777777778,,6.0,,
target+month,kpx_group_2,catboost_quantile_055,127,720,0.1763888888888889,,9.0,,
target+month,kpx_group_3,catboost_quantile_060_depth6,127,720,0.1763888888888889,,9.0,,
target+month,kpx_group_3,catboost_quantile_0575_depth6,131,744,0.1760752688172043,,3.0,,
target+month,kpx_group_1,catboost_quantile_055,130,744,0.17473118279569894,,1.0,,
target+month,kpx_group_3,catboost_quantile_0575_depth6,125,720,0.1736111111111111,,4.0,,
target+month,kpx_group_2,catboost_quantile_060_depth6,129,744,0.17338709677419356,,7.0,,
target+month,kpx_group_3,catboost_quantile_060_depth6,129,744,0.17338709677419356,,12.0,,
target+month,kpx_group_3,catboost_quantile_055,127,744,0.17069892473118278,,5.0,,
target+month,kpx_group_2,catboost_quantile_0575_depth6,122,720,0.16944444444444445,,4.0,,
target+month,kpx_group_1,catboost_quantile_0575_depth6,123,744,0.16532258064516128,,10.0,,
target+month,kpx_group_3,catboost_quantile_060_depth6,123,744,0.16532258064516128,,8.0,,
target+month,kpx_group_3,catboost_quantile_060_depth6,119,720,0.16527777777777777,,6.0,,
target+month,kpx_group_2,catboost_quantile_0575_depth6,122,744,0.1639784946236559,,1.0,,
target+month,kpx_group_2,catboost_quantile_0575_depth6,122,744,0.1639784946236559,,7.0,,
target+month,kpx_group_2,catboost_quantile_0575_depth6,122,744,0.1639784946236559,,12.0,,
target+month,kpx_group_1,catboost_quantile_055,121,744,0.16263440860215053,,5.0,,
target+month,kpx_group_1,catboost_quantile_0575_depth6,120,744,0.16129032258064516,,1.0,,
target+month,kpx_group_1,catboost_quantile_0575_depth6,120,744,0.16129032258064516,,3.0,,
target+month,kpx_group_2,catboost_quantile_055,119,744,0.15994623655913978,,5.0,,
target+month,kpx_group_1,catboost_quantile_060_depth6,118,744,0.1586021505376344,,1.0,,
target+month,kpx_group_3,catboost_quantile_0575_depth6,118,744,0.1586021505376344,,1.0,,
target+month,kpx_group_2,catboost_quantile_0575_depth6,116,744,0.15591397849462366,,3.0,,
target+month,kpx_group_3,catboost_quantile_055,116,744,0.15591397849462366,,10.0,,
target+month,kpx_group_2,catboost_quantile_060_depth6,107,696,0.15373563218390804,,2.0,,
target+month,kpx_group_1,catboost_quantile_0575_depth6,110,720,0.1527777777777778,,4.0,,
target+month,kpx_group_1,catboost_quantile_0575_depth6,110,720,0.1527777777777778,,11.0,,
target+month,kpx_group_3,catboost_quantile_0575_depth6,110,720,0.1527777777777778,,11.0,,
target+month,kpx_group_1,catboost_quantile_0575_depth6,113,744,0.15188172043010753,,7.0,,
target+month,kpx_group_2,catboost_quantile_0575_depth6,113,744,0.15188172043010753,,5.0,,
target+month,kpx_group_2,catboost_quantile_060_depth6,111,744,0.14919354838709678,,3.0,,
target+month,kpx_group_1,catboost_quantile_0575_depth6,110,744,0.1478494623655914,,5.0,,
target+month,kpx_group_2,catboost_quantile_060_depth6,110,744,0.1478494623655914,,1.0,,
target+month,kpx_group_3,catboost_quantile_0575_depth6,110,744,0.1478494623655914,,12.0,,
target+month,kpx_group_2,catboost_quantile_055,109,744,0.14650537634408603,,12.0,,
target+month,kpx_group_1,catboost_quantile_060_depth6,101,696,0.14511494252873564,,2.0,,
target+month,kpx_group_2,catboost_quantile_0575_depth6,107,744,0.14381720430107528,,10.0,,
target+month,kpx_group_2,catboost_quantile_0575_depth6,100,696,0.14367816091954022,,2.0,,
target+month,kpx_group_1,catboost_quantile_0575_depth6,98,696,0.14080459770114942,,2.0,,
target+month,kpx_group_1,catboost_quantile_0575_depth6,101,720,0.14027777777777778,,6.0,,
target+month,kpx_group_2,current_anchor,37,744,0.04973118279569892,,12.0,,
target+month,kpx_group_3,current_anchor,35,720,0.04861111111111111,,6.0,,
target+month,kpx_group_1,current_anchor,33,720,0.04583333333333333,,9.0,,
target+month,kpx_group_2,current_anchor,33,720,0.04583333333333333,,4.0,,
target+month,kpx_group_1,current_anchor,33,744,0.04435483870967742,,12.0,,
target+month,kpx_group_3,current_anchor,33,744,0.04435483870967742,,3.0,,
target+month,kpx_group_1,current_anchor,30,720,0.041666666666666664,,6.0,,
target+month,kpx_group_3,current_anchor,30,720,0.041666666666666664,,4.0,,
target+month,kpx_group_1,current_anchor,30,744,0.04032258064516129,,5.0,,
target+month,kpx_group_3,current_anchor,30,744,0.04032258064516129,,1.0,,
target+month,kpx_group_3,current_anchor,30,744,0.04032258064516129,,10.0,,
target+month,kpx_group_1,current_anchor,27,720,0.0375,,4.0,,
target+month,kpx_group_2,current_anchor,27,720,0.0375,,6.0,,
target+month,kpx_group_2,current_anchor,27,744,0.036290322580645164,,5.0,,
target+month,kpx_group_2,current_anchor,27,744,0.036290322580645164,,10.0,,
target+month,kpx_group_3,current_anchor,27,744,0.036290322580645164,,8.0,,
target+month,kpx_group_2,current_anchor,25,720,0.034722222222222224,,9.0,,
target+month,kpx_group_1,current_anchor,24,744,0.03225806451612903,,10.0,,
target+month,kpx_group_2,current_anchor,24,744,0.03225806451612903,,8.0,,
target+month,kpx_group_3,current_anchor,24,744,0.03225806451612903,,12.0,,
target+month,kpx_group_3,current_anchor,23,744,0.030913978494623656,,7.0,,
target+month,kpx_group_1,current_anchor,21,744,0.028225806451612902,,7.0,,
target+month,kpx_group_2,current_anchor,21,744,0.028225806451612902,,1.0,,
target+month,kpx_group_3,current_anchor,21,744,0.028225806451612902,,5.0,,
target+month,kpx_group_2,current_anchor,20,720,0.027777777777777776,,11.0,,
target+month,kpx_group_1,current_anchor,20,744,0.026881720430107527,,8.0,,
target+month,kpx_group_1,current_anchor,19,720,0.02638888888888889,,11.0,,
target+month,kpx_group_3,current_anchor,17,720,0.02361111111111111,,11.0,,
target+month,kpx_group_1,current_anchor,17,744,0.0228494623655914,,1.0,,
target+month,kpx_group_2,current_anchor,17,744,0.0228494623655914,,3.0,,
target+month,kpx_group_1,current_anchor,15,744,0.020161290322580645,,3.0,,
target+month,kpx_group_2,current_anchor,14,744,0.01881720430107527,,7.0,,
target+month,kpx_group_1,current_anchor,13,696,0.01867816091954023,,2.0,,
target+month,kpx_group_3,current_anchor,13,720,0.018055555555555554,,9.0,,
target+month,kpx_group_3,current_anchor,12,696,0.017241379310344827,,2.0,,
target+month,kpx_group_2,current_anchor,11,696,0.015804597701149427,,2.0,,
target+month,kpx_group_1,no_actual,6,744,0.008064516129032258,,7.0,,
target+month,kpx_group_2,no_actual,6,744,0.008064516129032258,,7.0,,
target+month,kpx_group_3,no_actual,6,744,0.008064516129032258,,7.0,,
